sid,id,position,created_at,created_meta,updated_at,updated_meta,meta,Draw Date,Winning Numbers,Multiplier
830,7EE2F9FB-7673-4DDE-AB72-3651B3AF0444,830,1453071708,708543,1453071708,708543,"",2016-01-16T00:00:00,03 51 52 61 64 06,2
829,FDF34E6A-BA25-4D92-9DB7-7985BA3DCC2D,829,1452769368,708543,1452769368,708543,"",2016-01-13T00:00:00,04 08 19 27 34 10,2
828,F5DBEFA5-54A6-4B9A-B2FB-267CD56F9835,828,1452423727,708543,1452423727,708543,"",2016-01-09T00:00:00,16 19 32 34 57 13,3
827,9D501501-D06D-46B2-9CAD-211B2F995F7A,827,1452164547,708543,1452164547,708543,"",2016-01-06T00:00:00,02 11 47 62 63 17,3
826,F961863C-78F0-401C-9743-1D3791C3490A,826,1451818950,708543,1451818950,708543,"",2016-01-02T00:00:00,05 06 15 29 42 10,2
825,C6064586-54E3-4309-8B9B-446C6041CB02,825,1451559713,708543,1451559713,708543,"",2015-12-30T00:00:00,12 36 38 54 61 22,3
824,0525C88E-D2C8-46A4-8408-BA8E786DA09D,824,1451214108,708543,1451214108,708543,"",2015-12-26T00:00:00,27 40 44 59 65 20,2
823,B473C73C-19F4-4C65-82A6-0E614998234A,823,1450954906,708543,1450954906,708543,"",2015-12-23T00:00:00,16 38 55 63 67 25,4
822,D0D8AE46-E6E2-40BF-8C54-8E58523CC68A,822,1450609289,708543,1450609289,708543,"",2015-12-19T00:00:00,28 30 41 59 68 10,2
821,DFA266CA-6A2B-4D42-8D07-283712CE541B,821,1450350106,708543,1450350106,708543,"",2015-12-16T00:00:00,09 10 32 42 55 06,2
820,0B0D036D-AAA7-4012-98DA-45227548BADF,820,1450004528,708543,1450004528,708543,"",2015-12-12T00:00:00,02 14 19 30 62 22,2
819,6655127F-8D2F-493B-8BE8-8A3D3073C305,819,1449745310,708543,1449745310,708543,"",2015-12-09T00:00:00,07 10 16 46 56 01,2
818,FA5ECE8D-2868-4AA2-AE84-8272D4C1C3D9,818,1449399708,708543,1449399708,708543,"",2015-12-05T00:00:00,13 27 33 47 68 13,2
817,5F02EEC4-4E7F-49AD-A4AA-9BB594D1A47F,817,1449140527,708543,1449140527,708543,"",2015-12-02T00:00:00,14 18 19 32 64 09,2
816,B18D454A-B143-47CE-A4E8-EA78D6778190,816,1448794907,708543,1448794907,708543,"",2015-11-28T00:00:00,02 06 47 66 67 02,3
815,21E5D4E6-B471-4928-9385-4CE1ECF18792,815,1448535706,708543,1448535706,708543,"",2015-11-25T00:00:00,16 29 53 58 69 21,2
814,FCB4536B-1006-4F05-BC8D-AAFB9DF95A93,814,1448190106,708543,1448190106,708543,"",2015-11-21T00:00:00,37 47 50 52 57 21,3
813,5D32E728-9113-4C09-A8CD-BDAC99661DFD,813,1447930930,708543,1447930930,708543,"",2015-11-18T00:00:00,17 40 41 46 69 06,2
812,1D579B1E-10CC-407E-B78A-9C5569D7A2F8,812,1447585307,708543,1447585307,708543,"",2015-11-14T00:00:00,14 22 37 45 66 05,3
811,7ECA2F66-0B64-493A-9FED-BC107E02287C,811,1447326109,708543,1447326109,708543,"",2015-11-11T00:00:00,04 26 32 55 64 18,3
810,D655D04B-E21B-4342-BD5D-C027CA362005,810,1446980508,708543,1446980508,708543,"",2015-11-07T00:00:00,07 16 25 50 53 15,2
809,2C693FFD-694C-4DF3-AA8E-73C92ACD38AF,809,1446721309,708543,1446721309,708543,"",2015-11-04T00:00:00,02 12 17 20 65 17,4
808,9DB950E1-1439-4B85-91F3-2D73EBECD6D4,808,1446375727,708543,1446375727,708543,"",2015-10-31T00:00:00,09 20 25 47 68 07,2
807,C22995CB-CBF3-4958-B80C-F9B1F8F9B9C5,807,1446112927,708543,1446112927,708543,"",2015-10-28T00:00:00,04 54 56 62 63 10,2
806,0ECE9623-21D9-4E2B-B9F9-D67A3C284E73,806,1445767285,708543,1445767285,708543,"",2015-10-24T00:00:00,20 31 56 60 64 02,3
805,465C206D-BEB3-4F5C-AF45-B7C60F736D1E,805,1445508105,708543,1445508105,708543,"",2015-10-21T00:00:00,30 32 42 56 57 11,4
804,8B64AF93-027A-4027-A217-5D9DB0ED22AB,804,1445162486,708543,1445162486,708543,"",2015-10-17T00:00:00,48 49 57 62 69 19,3
803,7ABCEB8C-820F-4379-ADFA-0D590640A30C,803,1444903305,708543,1444903305,708543,"",2015-10-14T00:00:00,15 20 29 31 40 01,2
802,400812A5-A956-48A9-91B1-F3D056E2F5C9,802,1444557685,708543,1444557685,708543,"",2015-10-10T00:00:00,12 27 29 43 68 01,2
801,43CA547E-F47A-453C-B0A9-26381E38A410,801,1444298506,708543,1444298506,708543,"",2015-10-07T00:00:00,18 30 40 48 52 09,3
800,FABF6C69-E0F5-4F46-8BE0-3CA7766831D0,800,1443952909,708543,1443952909,708543,"",2015-10-03T00:00:00,06 26 33 44 46 04,2
799,DB03982B-C76B-4404-977C-C9EEA3200274,799,1443693705,708543,1443693705,708543,"",2015-09-30T00:00:00,21 39 40 55 59 17,3
798,A06BDED2-3FEB-40F0-89A4-2CAF9B0A2858,798,1443348114,708543,1443348114,708543,"",2015-09-26T00:00:00,23 31 42 50 57 05,3
797,1A936092-357A-40DD-B18B-4747851BBE87,797,1443088906,708543,1443088906,708543,"",2015-09-23T00:00:00,08 29 41 51 58 05,2
796,CDF7063C-D520-4F5D-861A-96755805F6F4,796,1442872985,708543,1442872985,708543,"",2015-09-19T00:00:00,12 17 26 43 48 24,2
795,56B46B8A-B108-42E4-9A38-24C56DE66CE6,795,1442484106,708543,1442484106,708543,"",2015-09-16T00:00:00,05 07 24 31 39 07,3
794,42753DF4-07BE-4C30-A721-B2CF0CCDB7CD,794,1442138507,708543,1442138507,708543,"",2015-09-12T00:00:00,02 03 13 16 35 27,3
793,73962F5A-8EC6-41F9-B0D0-13D7E9F944C4,793,1441879315,708543,1441879315,708543,"",2015-09-09T00:00:00,44 45 47 50 51 08,2
792,63CC0BFD-0878-4D37-9699-69D02473AA08,792,1441533707,708543,1441533707,708543,"",2015-09-05T00:00:00,10 16 18 29 45 19,2
791,3EF82611-85F8-4A8A-8E3A-AA1FD0317354,791,1441274519,708543,1441274519,708543,"",2015-09-02T00:00:00,17 22 30 46 56 16,3
790,97C9829B-CEEE-4118-A38B-F7B7F79C31EF,790,1440984454,708543,1440984454,708543,"",2015-08-29T00:00:00,18 21 25 28 29 16,2
789,2529F7C9-6E07-4C91-B535-DF2BEFDE2D56,789,1440669716,708543,1440669716,708543,"",2015-08-26T00:00:00,02 22 32 45 56 12,5
788,DA91602B-3A63-4F41-A4E9-2CBF1168AE59,788,1440324130,708543,1440324130,708543,"",2015-08-22T00:00:00,04 12 14 21 55 07,4
787,298DD735-4622-4189-8EE7-F86F90B5AFCE,787,1440064978,708543,1440064978,708543,"",2015-08-19T00:00:00,06 08 43 48 50 07,2
786,3728F12A-F565-4B44-8176-2EEF0D165955,786,1439719318,708543,1439719318,708543,"",2015-08-15T00:00:00,03 13 17 42 52 24,4
785,A3D0D844-6B97-4671-87DA-693740D7D8AF,785,1439460147,708543,1439460147,708543,"",2015-08-12T00:00:00,08 13 29 38 52 28,2
784,DD6C5E0E-BD8D-4290-AA73-94E40E188200,784,1439114530,708543,1439114530,708543,"",2015-08-08T00:00:00,09 34 48 52 54 15,4
783,C787A37A-573D-4859-87E7-119575F1D112,783,1438855307,708543,1438855307,708543,"",2015-08-05T00:00:00,09 11 14 16 42 19,2
782,10064E9F-AD64-429D-84F8-E8D410526A6F,782,1438509708,708543,1438509708,708543,"",2015-08-01T00:00:00,07 13 24 49 57 15,3
781,E512BA46-7C58-41C7-9DBD-2457E9029D67,781,1438250485,708543,1438250485,708543,"",2015-07-29T00:00:00,04 22 27 28 52 35,3
780,CC90B341-400A-4806-BBAF-E8E327598BD2,780,1437904887,708543,1437904887,708543,"",2015-07-25T00:00:00,27 29 34 41 44 02,3
779,C9C2B6CC-06CB-4F01-9281-7E4A8C43FB8E,779,1437645686,708543,1437645686,708543,"",2015-07-22T00:00:00,12 31 43 44 57 11,2
778,24EE016C-7F9D-4E0D-AA08-C4AF54E66F11,778,1437300085,708543,1437300085,708543,"",2015-07-18T00:00:00,06 37 39 45 55 33,3
777,4D234C5C-F376-4344-BD6D-A5770CD56A1F,777,1437040929,708543,1437040929,708543,"",2015-07-15T00:00:00,13 16 34 45 50 11,2
776,3B86E5CC-7CFA-4329-A914-E0BCBA3B017F,776,1436695269,708543,1436695269,708543,"",2015-07-11T00:00:00,11 39 46 52 54 03,2
774,53124F7D-90C3-4B9D-B7BB-A5DD90478C00,774,1436436128,708543,1436436128,708543,"",2015-07-08T00:00:00,04 15 25 27 30 18,3
772,F39FD4CD-D959-462E-B398-9A813FA9128A,772,1436090488,708543,1436090488,708543,"",2015-07-04T00:00:00,03 06 14 18 24 21,3
770,F917646C-C9E4-4DD0-9705-1AE52C0DBEE2,770,1435831342,708543,1435831342,708543,"",2015-07-01T00:00:00,07 24 26 31 41 25,2
768,85C14851-24B0-4482-8610-DB5318822E47,768,1435485708,708543,1435485708,708543,"",2015-06-27T00:00:00,18 28 35 46 49 27,5
766,402F6B05-3B40-4839-B20E-4C86605592EA,766,1435226509,708543,1435226509,708543,"",2015-06-24T00:00:00,03 05 10 22 32 07,4
764,0B4B4E43-2914-4252-9B4D-445656DD001E,764,1434880912,708543,1434880912,708543,"",2015-06-20T00:00:00,09 10 16 20 57 15,2
762,D9A556D7-FAF0-4451-A6D9-8E7ABAAF75F1,762,1434621711,708543,1434621711,708543,"",2015-06-17T00:00:00,20 21 22 41 54 07,3
760,87226083-EDDC-40D5-AC6E-2E17E8F7DAF1,760,1434276095,708543,1434276095,708543,"",2015-06-13T00:00:00,29 41 48 52 54 29,2
758,7535E4D2-583F-4096-8C62-BF639B1F0C4F,758,1434016888,708543,1434016888,708543,"",2015-06-10T00:00:00,31 32 48 49 53 25,2
756,D2B7FDF6-0C3C-4BA6-8AE3-3EDD2D3554B9,756,1433671329,708543,1433671329,708543,"",2015-06-06T00:00:00,08 13 18 27 43 15,4
754,9B16EFF0-1C1A-43E1-89D0-0A138591BF89,754,1433412092,708543,1433412092,708543,"",2015-06-03T00:00:00,06 08 13 37 40 11,2
752,A176D8B7-2B06-4638-B917-DFF229554FC5,752,1433066493,708543,1433066493,708543,"",2015-05-30T00:00:00,08 09 25 56 57 22,2
750,1BFBA543-A31E-4A61-9EE2-842B252E1A49,750,1432807291,708543,1432807291,708543,"",2015-05-27T00:00:00,08 15 34 53 59 23,2
748,4BA1309D-2E3A-47C7-BCB0-D5E8AACF8A23,748,1432461688,708543,1432461688,708543,"",2015-05-23T00:00:00,09 15 17 31 43 16,4
746,C58E93C9-ED63-4A6B-8E70-DB0E572779DF,746,1432202499,708543,1432202499,708543,"",2015-05-20T00:00:00,01 12 28 35 44 25,3
744,852204B9-3070-4BB2-93D6-89525B2A6A88,744,1431856889,708543,1431856889,708543,"",2015-05-16T00:00:00,24 29 38 48 52 32,2
742,21A93C94-A9CF-4C66-8752-DB70A3C877E9,742,1431597689,708543,1431597689,708543,"",2015-05-13T00:00:00,01 25 29 31 47 07,3
740,3CF64B67-5986-4A6E-86D2-3D3A75006C2D,740,1431252091,708543,1431252091,708543,"",2015-05-09T00:00:00,04 15 17 35 58 17,3
738,C36A8A54-82C5-48FE-AA7E-570DB8ED39AD,738,1430992917,708543,1430992917,708543,"",2015-05-06T00:00:00,23 24 27 39 41 30,5
736,6AE4172D-2045-4718-875A-B5FF15FF15D7,736,1430647297,708543,1430647297,708543,"",2015-05-02T00:00:00,02 06 11 30 31 33,3
734,7E163D25-1D6C-41EC-98F3-FCB6323BBE21,734,1430388090,708543,1430388090,708543,"",2015-04-29T00:00:00,01 26 34 38 51 06,3
732,1E602E88-5A04-4E97-81F4-1AC8E0F65593,732,1430042489,708543,1430042489,708543,"",2015-04-25T00:00:00,21 33 35 38 45 12,2
730,4ED36D51-0CD1-403B-BF6F-474E76D12866,730,1429783292,708543,1429783292,708543,"",2015-04-22T00:00:00,10 14 25 39 53 18,2
728,81E5718B-6F5D-49A2-B3A6-E8C5A8C49458,728,1429437686,708543,1429437686,708543,"",2015-04-18T00:00:00,13 22 23 29 31 17,3
726,02CAC888-050D-48A5-868C-B37CC88EEC42,726,1429178508,708543,1429178508,708543,"",2015-04-15T00:00:00,01 16 21 29 40 30,3
724,E6490D86-EF2D-4C79-A2E1-DCD02F7215BF,724,1428832887,708543,1428832887,708543,"",2015-04-11T00:00:00,01 12 32 42 58 12,2
722,92E8465A-5CDF-4BED-83FA-7BD027280751,722,1428573689,708543,1428573689,708543,"",2015-04-08T00:00:00,01 19 45 46 58 29,2
720,C0E1AACD-A900-4A28-AA88-B712DB48FCC0,720,1428228090,708543,1428228090,708543,"",2015-04-04T00:00:00,33 39 40 41 54 28,3
718,36663E0C-0277-4255-B11C-2F697A9B8525,718,1427968887,708543,1427968887,708543,"",2015-04-01T00:00:00,02 30 33 39 44 01,3
716,9934E265-895E-421B-8ACC-BDE393F70FF3,716,1427623286,708543,1427623286,708543,"",2015-03-28T00:00:00,02 04 06 12 38 17,3
714,54EE26F7-D934-48B1-8BA1-B3285B3FBC19,714,1427364086,708543,1427364086,708543,"",2015-03-25T00:00:00,07 19 23 50 54 14,2
712,47FE9CA5-F869-4345-A69D-5E941CF5FFBB,712,1427018486,708543,1427018486,708543,"",2015-03-21T00:00:00,11 16 30 38 42 07,4
710,82F2F807-EC9F-42E1-B804-AEEABBC72D9E,710,1426759287,708543,1426759287,708543,"",2015-03-18T00:00:00,14 25 30 33 47 08,2
708,21E7CFAA-5C8C-4714-B690-23C86D9DD12F,708,1426413688,708543,1426413688,708543,"",2015-03-14T00:00:00,08 14 39 46 47 18,2
706,65C41C93-2669-45C8-BF86-9583480708E0,706,1426154490,708543,1426154490,708543,"",2015-03-11T00:00:00,11 24 31 40 44 27,2
704,B79C61A2-F6BE-45C7-A8E2-AF96CAF6BCA8,704,1425808979,708543,1425808979,708543,"",2015-03-07T00:00:00,34 36 38 42 50 33,4
702,F1546B7C-472E-4965-8CF5-A60A2F488AEE,702,1425553291,708543,1425553291,708543,"",2015-03-04T00:00:00,08 12 15 35 50 32,2
700,EDCD1F4D-DF40-4372-A354-00A3F20BA52E,700,1425207691,708543,1425207691,708543,"",2015-02-28T00:00:00,11 17 25 28 46 12,2
698,1958CB7F-4F9B-461B-9304-89D6C516BF36,698,1424948489,708543,1424948489,708543,"",2015-02-25T00:00:00,17 19 21 32 39 08,3
696,78AFD76F-A532-4015-821A-A6052893850A,696,1424602890,708543,1424602890,708543,"",2015-02-21T00:00:00,10 14 18 34 51 26,2
694,3156E6C0-2C89-45D1-9CD4-26C73005A7B3,694,1424343689,708543,1424343689,708543,"",2015-02-18T00:00:00,01 09 29 32 49 22,2
692,435F62B2-DF03-4FB8-A8B8-52E5A75666D3,692,1423998090,708543,1423998090,708543,"",2015-02-14T00:00:00,01 24 44 45 51 28,2
690,DDF1543E-9A9B-4ACE-BAFE-8AB37973E90C,690,1423738869,708543,1423738869,708543,"",2015-02-11T00:00:00,11 13 25 39 54 19,3
688,08D2F580-1207-45F6-A29F-7FE66620CD90,688,1423393288,708543,1423393288,708543,"",2015-02-07T00:00:00,05 10 21 34 58 33,5
686,B7216262-139E-4F1A-BA84-5DB845271DAE,686,1423134093,708543,1423134093,708543,"",2015-02-04T00:00:00,24 36 51 52 56 22,2
684,2031E7C9-B0FA-43E5-A952-25686F49FE00,684,1422788491,708543,1422788491,708543,"",2015-01-31T00:00:00,05 11 16 26 50 34,2
682,C8B9F03E-D092-4B68-A882-060CC9A3D5A4,682,1422529293,708543,1422529293,708543,"",2015-01-28T00:00:00,12 24 35 36 49 01,5
680,9B98D299-2E89-45CC-9C20-CA9A9858401C,680,1422183688,708543,1422183688,708543,"",2015-01-24T00:00:00,16 19 20 29 33 10,2
678,64D16892-1A8F-4BD3-AD08-0F12AF37DC5B,678,1421924552,708543,1421924552,708543,"",2015-01-21T00:00:00,11 12 15 28 57 23,4
676,96C3084D-A699-477E-940E-7540D2E079DD,676,1421578889,708543,1421578889,708543,"",2015-01-17T00:00:00,15 16 23 27 36 09,2
674,60D4CBA8-C33C-4F8D-9A5F-A091A06EEE39,674,1421319692,708543,1421319692,708543,"",2015-01-14T00:00:00,02 04 10 41 53 22,5
672,C9C20E1B-B660-43F9-80EE-BFA56EB5ADFF,672,1420974092,708543,1420974092,708543,"",2015-01-10T00:00:00,02 09 19 28 29 19,5
670,434CE58A-723C-4C47-9D33-67064A0081B4,670,1420714897,708543,1420714897,708543,"",2015-01-07T00:00:00,14 15 47 49 59 10,2
668,3F7A2659-CCCC-4C35-BD86-0E3C025C9311,668,1420369299,708543,1420369299,708543,"",2015-01-03T00:00:00,04 18 43 46 55 25,3
666,852D9F3D-2D01-456C-97B3-323697723F5F,666,1420110093,708543,1420110093,708543,"",2014-12-31T00:00:00,17 27 37 40 53 35,2
664,A973E6CD-C592-490A-A8B9-99597CFB0166,664,1419764479,708543,1419764479,708543,"",2014-12-27T00:00:00,07 10 11 14 36 15,2
662,5E6A6652-C161-4DA4-9D8E-1791C9D0DDA5,662,1419505299,708543,1419505299,708543,"",2014-12-24T00:00:00,11 12 46 47 50 22,4
660,C5AF5FF2-DA14-4056-865F-7C7F55E705CB,660,1419159692,708543,1419159692,708543,"",2014-12-20T00:00:00,14 15 19 31 56 05,5
658,576E343A-594A-49F4-BAF2-320389AED2C8,658,1418900499,708543,1418900499,708543,"",2014-12-17T00:00:00,22 31 38 47 48 15,3
656,2078DFB3-E426-458F-B76C-8CF659E96CDD,656,1418554894,708543,1418554894,708543,"",2014-12-13T00:00:00,05 13 28 43 55 33,3
654,B5E65633-5DC5-41A9-A777-47BF48B5694F,654,1418295670,708543,1418295670,708543,"",2014-12-10T00:00:00,34 44 48 54 55 10,2
652,6B8C9416-B679-4062-AE0E-2F5D4DE63AAB,652,1417950072,708543,1417950072,708543,"",2014-12-06T00:00:00,12 15 22 43 49 14,2
650,8A284F29-40F3-4934-80C2-DEC138E688C4,650,1417690893,708543,1417690893,708543,"",2014-12-03T00:00:00,25 30 32 46 54 26,3
648,492FE8DB-DF45-46CC-98A2-75020B7AE310,648,1417345290,708543,1417345290,708543,"",2014-11-29T00:00:00,13 24 30 42 48 27,2
646,EDE28D34-E74E-4EB6-AA31-B7E291380862,646,1417086090,708543,1417086090,708543,"",2014-11-26T00:00:00,16 17 22 46 54 35,5
644,8856B080-2BF0-4C94-919F-CAD7D14D394B,644,1416740488,708543,1416740488,708543,"",2014-11-22T00:00:00,23 49 53 54 57 35,2
642,A8BAE147-EA3C-4252-ABE0-06641E9414C2,642,1416481333,708543,1416481333,708543,"",2014-11-19T00:00:00,06 36 38 48 51 17,2
640,8590E6C5-15BF-42B1-A4F6-6C15C6C21B8B,640,1416222176,708543,1416222176,708543,"",2014-11-15T00:00:00,13 16 33 35 51 28,2
638,412214CC-C4CC-4993-AA11-7F6FAE4060AF,638,1415876487,708543,1415876487,708543,"",2014-11-12T00:00:00,37 39 51 52 55 11,3
636,10664F33-06F4-44A8-ACFC-B4577D5EC5EA,636,1415530892,708543,1415530892,708543,"",2014-11-08T00:00:00,09 19 33 38 54 15,3
634,C2DD204C-8C36-4F3A-826C-93A4B5FDA4B9,634,1415358196,708543,1415358196,708543,"",2014-11-05T00:00:00,02 11 19 21 42 34,3
632,C216F750-2E31-4F60-9188-F2412BF65C5C,632,1414926088,708543,1414926088,708543,"",2014-11-01T00:00:00,01 03 13 25 38 17,2
630,6A101A82-36BA-47CD-965F-CD0E9DC46DA1,630,1414663269,708543,1414663269,708543,"",2014-10-29T00:00:00,25 28 48 57 59 16,3
628,94A238A4-0D81-4904-93F0-94206E2A507D,628,1414317691,708543,1414317691,708543,"",2014-10-25T00:00:00,06 10 51 54 57 12,2
626,D8A3E583-5FAB-4687-9C12-DF66BC25D1A1,626,1414058490,708543,1414058490,708543,"",2014-10-22T00:00:00,29 30 40 42 50 16,2
624,4DB598EB-4512-4085-AB52-B31451700CE4,624,1413712889,708543,1413712889,708543,"",2014-10-18T00:00:00,20 26 27 36 54 19,2
622,36FCC416-19AC-49D7-A6A5-6F2B02B14037,622,1413453691,708543,1413453691,708543,"",2014-10-15T00:00:00,05 07 19 27 28 20,2
620,E8BE2206-8EF5-4CBA-BC14-97458F655875,620,1413108089,708543,1413108089,708543,"",2014-10-11T00:00:00,10 19 37 38 39 28,2
618,F8E7AC21-2BDD-4DEE-97A9-7228CF621E0A,618,1412848872,708543,1412848872,708543,"",2014-10-08T00:00:00,05 16 31 46 50 18,3
616,EE6B6F59-37D7-45CC-BE81-AA2F1F308F2C,616,1412546527,708543,1412546527,708543,"",2014-10-04T00:00:00,13 18 24 25 33 31,2
614,833921F3-DA63-4F64-8435-FE0FF6907174,614,1412244093,708543,1412244093,708543,"",2014-10-01T00:00:00,01 04 18 20 45 07,2
612,44FDD0E0-D854-4CBB-A674-4E748BB851E6,612,1411898497,708543,1411898497,708543,"",2014-09-27T00:00:00,02 11 35 52 54 13,3
610,A125446B-3200-4E26-8E30-D3E0D11AEEA8,610,1411766717,708543,1411766717,708543,"",2014-09-24T00:00:00,07 14 21 24 41 26,4
608,58DCE448-E60B-4D6A-A67C-0B31304E01D4,608,1411509853,708543,1411509853,708543,"",2014-09-20T00:00:00,22 23 30 37 39 16,4
606,68358BCC-7ACC-4505-91BA-33741DE045AA,606,1411034491,708543,1411034491,708543,"",2014-09-17T00:00:00,18 25 36 48 50 23,2
604,D1EB641C-B9E7-4958-BFA3-6A6E353EA51A,604,1410882579,708543,1410882579,708543,"",2014-09-13T00:00:00,01 06 16 37 53 27,3
602,CABB0AFD-C37C-4E49-B8C6-7D5F86DCE1A7,602,1410429693,708543,1410429693,708543,"",2014-09-10T00:00:00,02 14 39 40 43 13,5
600,97430822-1C96-46B9-92BF-86AB1BA10905,600,1410084056,708543,1410084056,708543,"",2014-09-06T00:00:00,09 29 31 43 50 18,2
598,7858F42B-EB4E-408A-A84B-5AEBA66AA3DF,598,1409911279,708543,1409911279,708543,"",2014-09-03T00:00:00,02 16 43 45 51 35,3
596,4A22925B-EB06-46B1-BB68-407C5E31D5E7,596,1409479266,708543,1409479266,708543,"",2014-08-30T00:00:00,05 28 31 52 59 27,2
594,B33326D6-1FA2-4719-9888-9C6E88EBFFEA,594,1409220065,708543,1409220065,708543,"",2014-08-27T00:00:00,17 24 26 45 46 19,3
592,F1DB5012-8A45-4E79-B123-79C3F17AE2DA,592,1408874466,708543,1408874466,708543,"",2014-08-23T00:00:00,28 32 35 36 52 31,3
590,ADB2B268-7B1F-4A3C-B252-DF4298ED22F6,590,1408615266,708543,1408615266,708543,"",2014-08-20T00:00:00,04 08 21 38 40 03,2
588,1AADCEC8-EF2A-47A0-9508-69E2D0A25C21,588,1408269645,708543,1408269645,708543,"",2014-08-16T00:00:00,07 08 17 48 59 09,2
586,FB356DBD-E3D3-465F-8A17-C7465009E078,586,1408010465,708543,1408010465,708543,"",2014-08-13T00:00:00,08 37 39 40 52 24,2
584,B5ACA65E-F5FE-4764-8138-2C700D050E05,584,1407664855,708543,1407664855,708543,"",2014-08-09T00:00:00,03 12 31 34 51 24,2
582,62B6DC77-A166-4553-8D32-8A8F7840EC9F,582,1407405656,708543,1407405656,708543,"",2014-08-06T00:00:00,01 08 24 28 49 24,5
580,284B0E05-5283-488D-AFE0-5B256E9D81C0,580,1407060066,708543,1407060066,708543,"",2014-08-02T00:00:00,12 26 44 46 47 29,2
578,394E9921-468B-4E29-B772-59A0C54F5492,578,1406800857,708543,1406800857,708543,"",2014-07-30T00:00:00,13 30 42 49 53 29,3
576,D62285D6-7C01-4C90-B7A9-C4D14752E119,576,1406455295,708543,1406455295,708543,"",2014-07-26T00:00:00,24 28 30 38 39 16,2
574,7D6898C6-01D5-4782-95BA-C2749ADFE9BC,574,1406196055,708543,1406196055,708543,"",2014-07-23T00:00:00,04 10 12 22 31 03,5
572,1716855F-F638-4C7E-8B8D-8EF7F73B5B06,572,1405850444,708543,1405850444,708543,"",2014-07-19T00:00:00,10 17 25 45 53 09,2
570,FCFDF56B-4E14-49E5-867F-C2E4AB445A9F,570,1405607731,708543,1405607731,708543,"",2014-07-16T00:00:00,05 15 18 26 32 35,3
568,55FE34B2-623D-4241-A89E-308A84B4C74B,568,1405245654,708543,1405245654,708543,"",2014-07-12T00:00:00,02 03 07 23 51 26,2
566,0D0AAA69-2F7A-4D5F-9DF3-C9701C7BAC22,566,1404986455,708543,1404986455,708543,"",2014-07-09T00:00:00,09 25 42 55 57 14,2
564,8CB66308-6F25-476F-95DE-A7C8E1D621CD,564,1404640845,708543,1404640845,708543,"",2014-07-05T00:00:00,24 34 36 57 58 11,4
562,52E50253-BF74-40B5-9581-682B443841D2,562,1404381654,708543,1404381654,708543,"",2014-07-02T00:00:00,08 18 45 53 58 35,2
560,4003D691-5309-4F30-B2B0-E19E03AAC642,560,1403776939,708543,1403776939,708543,"",2014-06-25T00:00:00,10 20 25 50 53 35,4
558,FD92596C-A65C-4C4D-B1BF-79E9E47619A9,558,1403431338,708543,1403431338,708543,"",2014-06-21T00:00:00,05 06 37 41 54 26,3
556,54661135-06E8-401F-92FD-07186ACC9C1B,556,1403258646,708543,1403258646,708543,"",2014-06-18T00:00:00,06 09 29 52 59 07,3
554,913D60FF-B8B0-400A-91CB-8C588A4D0BB3,554,1402869728,708543,1402869728,708543,"",2014-06-14T00:00:00,09 33 42 45 54 30,3
552,3B509634-0F92-481A-8A92-B3DCD47BDB27,552,1402567255,708543,1402567255,708543,"",2014-06-11T00:00:00,14 18 25 33 49 23,5
550,D18F3C84-81FD-46FB-A1FC-16090A6305AC,550,1402221728,708543,1402221728,708543,"",2014-06-07T00:00:00,28 30 35 58 59 15,2
548,DBB2A4CA-C19A-4E21-9934-3774E0CCED88,548,1402049248,708543,1402049248,708543,"",2014-06-04T00:00:00,01 07 10 22 49 24,3
546,07092E27-EB7F-4781-A41C-56FC4509332C,546,1401616929,708543,1401616929,708543,"",2014-05-31T00:00:00,15 27 31 34 48 01,2
544,75647DDC-DE92-4874-A22C-453F73FBC94F,544,1401357719,708543,1401357719,708543,"",2014-05-28T00:00:00,02 24 28 32 59 25,3
542,1F143612-927F-4772-8B81-B62E2F26990C,542,1401012045,708543,1401012045,708543,"",2014-05-24T00:00:00,15 16 28 49 55 18,2
540,10E769B9-E7B7-4048-9302-B596CD6278DD,540,1400752981,708543,1400752981,708543,"",2014-05-21T00:00:00,04 20 34 39 58 31,5
538,3BA9206D-AA33-4EED-8E23-3B022B7E06EC,538,1400407319,708543,1400407319,708543,"",2014-05-17T00:00:00,23 32 39 47 49 22,3
536,44B9F291-72B1-4456-B88A-AF46130AB86A,536,1400148151,708543,1400148151,708543,"",2014-05-14T00:00:00,07 33 39 52 55 33,3
534,5A46495E-2CB7-4C99-A3FF-6B829658680B,534,1399802518,708543,1399802518,708543,"",2014-05-10T00:00:00,04 31 41 47 55 01,2
532,C096BBA0-25ED-4CAF-9872-27CDF41C3AB2,532,1399543365,708543,1399543365,708543,"",2014-05-07T00:00:00,17 29 31 48 49 34,2
530,487D1FF3-303E-4D43-BD9F-7FBCEEA53A78,530,1399197725,708543,1399197725,708543,"",2014-05-03T00:00:00,05 15 16 46 49 26,4
528,41BBC522-A603-4A2D-BFBD-F45B00F2D96A,528,1398938445,708543,1398938445,708543,"",2014-04-30T00:00:00,02 09 11 19 50 32,3
526,1B2FF91E-4DF8-45F7-9983-CCBF68599DD0,526,1398592854,708543,1398592854,708543,"",2014-04-26T00:00:00,03 07 22 30 33 20,3
524,4AB21E57-4F08-48A7-BAAE-E39DE7770947,524,1398333654,708543,1398333654,708543,"",2014-04-23T00:00:00,19 25 29 36 48 12,4
522,C0C4BB31-08F9-4FC8-8A5C-D3CD57B7A5C9,522,1397988055,708543,1397988055,708543,"",2014-04-19T00:00:00,05 06 29 35 51 21,5
520,82F04093-BAEB-4764-9D9C-575EA9E17E3E,520,1397728876,708543,1397728876,708543,"",2014-04-16T00:00:00,34 39 42 44 59 08,3
518,C20FBD64-77FB-497C-86D6-9C66C29AA034,518,1397383254,708543,1397383254,708543,"",2014-04-12T00:00:00,14 26 45 54 55 20,2
516,6D64F1A9-4039-4193-A9D2-951048F7C1AC,516,1397124055,708543,1397124055,708543,"",2014-04-09T00:00:00,09 14 44 48 49 29,2
514,9F59ED34-C239-4AE8-8678-09B3D2D039B1,514,1396778445,708543,1396778445,708543,"",2014-04-05T00:00:00,11 21 26 33 34 29,5
512,3CF1F0CA-F90D-48A7-96BB-FAD65E3CC086,512,1396519270,708543,1396519270,708543,"",2014-04-02T00:00:00,08 13 19 22 53 24,2
510,739C3709-5735-4AF0-A580-719A06580CCB,510,1396173644,708543,1396173644,708543,"",2014-03-29T00:00:00,02 03 12 27 38 17,2
508,30FF8647-C283-41A2-9DCC-A8D7384F1EB7,508,1395914455,708543,1395914455,708543,"",2014-03-26T00:00:00,28 33 41 44 59 21,2
506,2B7067E1-A09E-48C4-9798-5A8FCF035ACE,506,1395568855,708543,1395568855,708543,"",2014-03-22T00:00:00,13 28 31 55 58 15,2
504,FD32D0FB-4D24-4317-B944-784A4EC18BF5,504,1395309655,708543,1395309655,708543,"",2014-03-19T00:00:00,02 19 23 34 43 14,2
502,079EA7C4-965C-4E3D-9836-9B92C6BE73E5,502,1394964054,708543,1394964054,708543,"",2014-03-15T00:00:00,02 05 34 51 58 09,4
500,C38A2D61-6CC5-430E-BB3A-37446F6C7263,500,1394704855,708543,1394704855,708543,"",2014-03-12T00:00:00,14 15 28 37 54 10,2
498,B5F25102-9FFD-4696-B916-73870F17DFBA,498,1394359254,708543,1394359254,708543,"",2014-03-08T00:00:00,10 14 24 32 41 30,2
496,DF678B5A-F304-494C-AEC5-39922FA6FB03,496,1394103612,708543,1394103612,708543,"",2014-03-05T00:00:00,03 07 09 26 54 19,2
494,A96E282B-1D16-443C-9506-FE865E27E0BF,494,1393758054,708543,1393758054,708543,"",2014-03-01T00:00:00,03 08 25 30 47 13,4
492,06333392-9CB1-4436-B6DB-E0A8A264B065,492,1393498854,708543,1393498854,708543,"",2014-02-26T00:00:00,11 12 17 38 42 02,2
490,72286024-9A34-4F95-85BD-71C9ABFD2765,490,1393153275,708543,1393153275,708543,"",2014-02-22T00:00:00,02 03 13 14 54 04,5
488,5A0B4133-BE25-4EDE-9686-3F3939CE78B1,488,1392894081,708543,1392894081,708543,"",2014-02-19T00:00:00,01 17 35 49 54 34,3
486,38A5578D-6E92-430E-9674-0255200D4928,486,1392548444,708543,1392548444,708543,"",2014-02-15T00:00:00,02 09 14 21 23 03,3
484,3F39F11A-2E74-44CF-BDD9-7E456C37AC50,484,1392289246,708543,1392289246,708543,"",2014-02-12T00:00:00,36 44 49 52 57 01,2
482,E2CD3E79-8E4D-49A1-AC4E-75678402B48D,482,1391943666,708543,1391943666,708543,"",2014-02-08T00:00:00,24 25 34 37 54 29,2
480,7662D28E-81B6-4F64-9D1D-928B22ADAAD8,480,1391684455,708543,1391684455,708543,"",2014-02-05T00:00:00,08 17 32 57 59 24,3
478,16039CD5-5D97-462D-80B9-C7E57C4219E1,478,1391338855,708543,1391338855,708543,"",2014-02-01T00:00:00,05 12 15 27 38 07,2
476,CF00D567-AD20-4773-98F0-D6F59CEBEB0A,476,1391079668,708543,1391079668,708543,"",2014-01-29T00:00:00,11 23 28 32 47 20,2
474,959EED5C-40DB-46A6-BA50-8C7F18F12B9B,474,1390734083,708543,1390734083,708543,"",2014-01-25T00:00:00,08 12 18 55 57 02,2
472,6B5C814C-3778-4C08-A8E8-14A2690DB4E1,472,1390474876,708543,1390474876,708543,"",2014-01-22T00:00:00,01 02 07 09 55 29,3
470,632FA9B1-6504-4745-A858-A4AD77142A73,470,1390129258,708543,1390129258,708543,"",2014-01-18T00:00:00,13 14 19 31 38 25,""
468,8FD5794D-0FD0-4164-AB47-EA69A2726DA2,468,1389870076,708543,1389870076,708543,"",2014-01-15T00:00:00,07 08 09 24 29 25,""
466,06973D85-FD1A-4DB3-95B0-56A307538275,466,1389524504,708543,1389524504,708543,"",2014-01-11T00:00:00,10 15 33 48 54 34,""
464,CB8287E5-7897-4CFA-8EA7-364CDE173A5C,464,1389265255,708543,1389265255,708543,"",2014-01-08T00:00:00,10 28 39 47 58 22,""
462,6992200D-6A41-45F0-B6CE-D0DBB8C067F3,462,1388919664,708543,1388919664,708543,"",2014-01-04T00:00:00,19 20 37 41 58 14,""
460,869B299A-CB43-42BA-96B5-0C52C7B2948B,460,1388660454,708543,1388660454,708543,"",2014-01-01T00:00:00,15 24 40 48 52 23,""
458,2E898FF5-500D-46BB-B25E-715243B6D85F,458,1388314897,708543,1388314897,708543,"",2013-12-28T00:00:00,08 35 44 51 56 18,""
456,DEA4DB56-E3E5-492D-8F26-8F121A050F39,456,1388055655,708543,1388055655,708543,"",2013-12-25T00:00:00,23 28 38 39 56 32,""
454,393859FA-4F84-4694-9404-8373A0A70B92,454,1387753254,708543,1387753254,708543,"",2013-12-21T00:00:00,25 36 40 45 51 08,""
452,C538153A-1685-4B6C-9A6E-A08F40474590,452,1387450865,708543,1387450865,708543,"",2013-12-18T00:00:00,07 24 37 39 40 01,""
450,C003B8B1-CDB9-498C-9C7D-C4ECC78ED256,450,1387105295,708543,1387105295,708543,"",2013-12-14T00:00:00,14 25 32 33 41 34,""
448,CC93F4A9-00A4-4525-BC38-9DE756831B28,448,1386846066,708543,1386846066,708543,"",2013-12-11T00:00:00,01 10 13 18 19 27,""
446,50AD8F90-A9BE-4390-8C78-FC00C4A81C76,446,1386500454,708543,1386500454,708543,"",2013-12-07T00:00:00,13 20 32 45 48 17,""
444,325D02BB-4FC5-4A32-A398-3A68C9C2DB69,444,1386241257,708543,1386241257,708543,"",2013-12-04T00:00:00,06 09 11 31 44 25,""
442,4FDC7B73-BC13-4F98-9DD5-00B40EEF893A,442,1385895654,708543,1385895654,708543,"",2013-11-30T00:00:00,05 26 44 45 57 29,""
440,84BFA534-38CC-4912-A4BE-6C5718E04989,440,1385636455,708543,1385636455,708543,"",2013-11-27T00:00:00,18 25 50 55 57 17,""
438,6E46D30A-E623-4F9E-AE38-A28FF69C700D,438,1385290844,708543,1385290844,708543,"",2013-11-23T00:00:00,05 12 43 52 55 10,""
436,EF0B5D0B-6670-4ED1-BD05-7F753D7BD99E,436,1385031644,708543,1385031644,708543,"",2013-11-20T00:00:00,04 18 23 32 45 07,""
434,A663C837-573A-4100-A04D-32D154358CEF,434,1384686057,708543,1384686057,708543,"",2013-11-16T00:00:00,10 29 37 44 59 10,""
432,875C9020-62D2-4C17-B5EE-E82B2ED215F0,432,1384427177,708543,1384427177,708543,"",2013-11-13T00:00:00,05 31 50 55 56 09,""
430,A1AA1335-1304-41B6-9143-325B91A54538,430,1384081254,708543,1384081254,708543,"",2013-11-09T00:00:00,03 09 37 49 56 32,""
428,C6F8ACA9-A326-4CAF-9A5B-0D1848566D1A,428,1383822066,708543,1383822066,708543,"",2013-11-06T00:00:00,01 05 10 15 49 22,""
426,3C980E92-DBA6-43EA-9C2F-6A357D8C198B,426,1383476454,708543,1383476454,708543,"",2013-11-02T00:00:00,13 23 24 27 40 17,""
424,BCD1777E-78BF-42AE-9F75-051E8AB6D526,424,1383213663,708543,1383213663,708543,"",2013-10-30T00:00:00,02 36 40 49 54 10,""
422,DA233102-CFC8-488A-9878-D4DA316E1FEE,422,1382868054,708543,1382868054,708543,"",2013-10-26T00:00:00,04 06 34 49 56 29,""
420,81A24BED-C113-41DB-A8D7-BFA00A811E52,420,1382608877,708543,1382608877,708543,"",2013-10-23T00:00:00,03 23 31 34 47 13,""
418,B3EB04B8-0EB0-4863-A062-BDC74A5B55F8,418,1382263275,708543,1382263275,708543,"",2013-10-19T00:00:00,09 33 54 56 57 05,""
416,A1F81DDE-1222-482A-9797-99BDE4C680B7,416,1382004065,708543,1382004065,708543,"",2013-10-16T00:00:00,03 26 28 34 42 28,""
414,D088796F-DED4-4512-A6CD-965D62DFCD46,414,1381658454,708543,1381658454,708543,"",2013-10-12T00:00:00,08 10 26 57 58 04,""
412,BE0D91A1-302C-426D-A891-BCC716FF77F4,412,1381399255,708543,1381399255,708543,"",2013-10-09T00:00:00,03 09 19 33 38 18,""
410,A11A6AD2-571D-4E68-9531-D7613C9AC5D4,410,1381053664,708543,1381053664,708543,"",2013-10-05T00:00:00,11 12 17 39 40 05,""
408,AAB2E771-B827-45A1-8C4C-5FF4247E54A2,408,1380794456,708543,1380794456,708543,"",2013-10-02T00:00:00,04 06 25 42 51 17,""
406,5C8930B7-59A9-495E-9CD9-EDA4F114190C,406,1380448876,708543,1380448876,708543,"",2013-09-28T00:00:00,14 47 52 53 54 05,""
404,AA19E8C5-B164-47E6-A4B2-11F301B635DF,404,1380189655,708543,1380189655,708543,"",2013-09-25T00:00:00,02 07 17 49 53 23,""
402,F0A0B8DD-B47E-4396-81C0-6ACED79548F2,402,1379844089,708543,1379844089,708543,"",2013-09-21T00:00:00,12 17 45 54 58 13,""
400,03D572D2-4D3B-4576-A2C8-D09C7B640839,400,1379584876,708543,1379584876,708543,"",2013-09-18T00:00:00,07 10 22 32 35 19,""
398,3281F22C-24FC-47A0-B08B-C8F7C007EA64,398,1379239265,708543,1379239265,708543,"",2013-09-14T00:00:00,01 17 25 37 44 20,""
396,F3E5C8E3-49CC-4833-90B5-7A48A90BF043,396,1378980055,708543,1378980055,708543,"",2013-09-11T00:00:00,11 19 33 42 52 33,""
392,5270488F-C21B-4969-8E2A-C452EC7F052D,392,1378634558,708543,1378634558,708543,"",2013-09-07T00:00:00,02 19 22 26 45 24,""
390,B0677941-4C55-43C8-8994-5059357CF266,390,1378375269,708543,1378375269,708543,"",2013-09-04T00:00:00,02 09 26 45 47 11,""
388,CBB2374D-6251-421E-AEAA-D57E0B1C98A1,388,1378029667,708543,1378029667,708543,"",2013-08-31T00:00:00,02 07 25 40 56 20,""
386,E316A2A9-0932-4553-B9A2-3F4ED3AB256E,386,1377803438,708543,1377803438,708543,"",2013-08-28T00:00:00,06 07 09 19 32 13,""
384,C61E59C5-F18C-45A7-A9F3-1D6B69C69312,384,1377534195,708543,1377534195,708543,"",2013-08-24T00:00:00,12 17 25 45 59 19,""
382,3DADF8FA-B273-422A-8DD2-E3DF108CCDCD,382,1377178100,708543,1377178100,708543,"",2013-08-21T00:00:00,30 40 42 46 48 23,""
380,35791B1C-33AB-472D-80D3-4CF9A6BE30EF,380,1376946317,708543,1376946317,708543,"",2013-08-17T00:00:00,18 21 46 54 56 23,""
378,DB91BB61-FE4B-4AC7-B79B-CB62F5BFE967,378,1376662129,708543,1376662129,708543,"",2013-08-14T00:00:00,04 11 17 43 51 20,""
376,3A5B135F-7CF4-4F6C-AC7B-D9B87997C9F5,376,1376337550,708543,1376337550,708543,"",2013-08-10T00:00:00,04 12 14 37 58 13,""
374,CCB64CFF-4955-4BF4-88EB-CF475FDCBF6B,374,1376060028,708543,1376060028,708543,"",2013-08-07T00:00:00,05 25 30 58 59 32,""
372,74E7FBC1-422D-4B2B-9B31-BE468A39AA04,372,1375737328,708543,1375737328,708543,"",2013-08-03T00:00:00,21 24 36 42 45 15,""
370,48E88999-FBEB-4FDE-965C-BC6B7ABDC946,370,1375452881,708543,1375452881,708543,"",2013-07-31T00:00:00,08 24 39 49 59 05,""
369,51ED9563-D5E9-47A3-A39F-E32B58AB4BFE,369,1375452881,708543,1375452881,708543,"",2013-07-27T00:00:00,09 23 40 53 58 06,""
368,9705E491-5DB5-4F82-8F41-E206CB414B29,368,1375452881,708543,1375452881,708543,"",2013-07-24T00:00:00,09 29 40 44 54 07,""
367,6752A041-C2DB-49F4-A8B4-FE9B4F32A190,367,1375452881,708543,1375452881,708543,"",2013-07-20T00:00:00,14 25 27 38 58 06,""
366,2DD53C13-565A-499E-99AB-73F43680F6A8,366,1375452881,708543,1375452881,708543,"",2013-07-17T00:00:00,01 22 34 38 42 17,""
365,F9F6AE36-65EB-4ED5-9C13-18CC98C7DA23,365,1375452881,708543,1375452881,708543,"",2013-07-13T00:00:00,02 08 22 35 37 06,""
363,063879CE-DB8E-461E-AE83-AF99A8E8DE11,363,1373985712,708543,1373985712,708543,"",2013-07-10T00:00:00,30 31 45 55 59 27,""
362,978F0309-7452-430C-B61E-08844FEA7A48,362,1373985712,708543,1373985712,708543,"",2013-07-06T00:00:00,02 13 35 36 52 11,""
361,04AEA4EE-4D45-49C6-B20F-6A2B8F537C0F,361,1373985712,708543,1373985712,708543,"",2013-07-03T00:00:00,03 06 29 40 51 04,""
359,57D0A633-35B9-451E-9620-4E26808DE6A0,359,1373489625,708543,1373489625,708543,"",2013-06-29T00:00:00,08 28 30 53 56 16,""
358,0B2FCAF5-4E29-4F8F-9280-97BF0EC3D0BD,358,1373489625,708543,1373489625,708543,"",2013-06-26T00:00:00,01 18 33 39 46 33,""
357,5D40380C-DD65-4532-AC21-CF401894B317,357,1373489625,708543,1373489625,708543,"",2013-06-22T00:00:00,13 19 23 33 57 28,""
356,FE49F2F1-95AC-4B43-8B2F-F07BDF89CEB3,356,1373489625,708543,1373489625,708543,"",2013-06-19T00:00:00,07 46 47 52 57 17,""
355,92C7D5C3-E3F8-4AFE-88D4-462D3BCE2272,355,1373489625,708543,1373489625,708543,"",2013-06-15T00:00:00,28 36 40 48 55 01,""
354,837CB330-52CE-44F8-B889-32B6BAA00852,354,1373489625,708543,1373489625,708543,"",2013-06-12T00:00:00,16 22 23 42 55 32,""
353,859F250B-4CE8-40CD-85A4-2DC7CD13012A,353,1373489625,708543,1373489625,708543,"",2013-06-08T00:00:00,02 11 22 26 32 19,""
352,80798224-1817-432D-89DB-DE18DFB1468E,352,1373489625,708543,1373489625,708543,"",2013-06-05T00:00:00,04 26 33 36 55 32,""
351,C903B823-813C-43E0-AF7E-74DE8E5561B6,351,1373489625,708543,1373489625,708543,"",2013-06-01T00:00:00,22 28 33 53 59 14,""
350,AB777365-B121-43E3-A731-32EF418AE1C3,350,1373489625,708543,1373489625,708543,"",2013-05-29T00:00:00,09 14 17 49 57 02,""
349,AF3B89F6-3B42-4947-B342-3723FCDE5308,349,1373489625,708543,1373489625,708543,"",2013-05-25T00:00:00,02 06 19 21 27 25,""
348,F5D88A28-5B42-469C-BF81-FEA8E4C18C53,348,1373489625,708543,1373489625,708543,"",2013-05-22T00:00:00,09 31 35 41 57 26,""
347,E86DAD23-CDEE-4116-AD03-101D8C0296E5,347,1373489625,708543,1373489625,708543,"",2013-05-18T00:00:00,10 13 14 22 52 11,""
346,AFE17066-CCB0-41AA-800C-4D02902505A5,346,1373489625,708543,1373489625,708543,"",2013-05-15T00:00:00,02 11 26 34 41 32,""
345,FAC6FECB-953A-4257-9AD0-6C4A35D5783E,345,1373489625,708543,1373489625,708543,"",2013-05-11T00:00:00,06 13 19 23 43 16,""
344,31F614CE-1B8B-43F3-9365-925D7243374C,344,1373489625,708543,1373489625,708543,"",2013-05-08T00:00:00,21 22 26 30 57 27,""
343,B7035D34-88EA-49E3-B987-9BAE3D16BE1A,343,1373489625,708543,1373489625,708543,"",2013-05-04T00:00:00,07 12 26 36 40 17,""
342,EA1593AF-D20C-484F-B5FB-B12BE0C79F74,342,1373489625,708543,1373489625,708543,"",2013-05-01T00:00:00,22 26 31 54 55 18,""
341,41B7A123-CEDC-44E9-B022-C1BABEAAEC0F,341,1373489625,708543,1373489625,708543,"",2013-04-27T00:00:00,03 23 48 54 55 05,""
340,072ED3B5-42D2-453F-866E-BA3719910A6C,340,1373489625,708543,1373489625,708543,"",2013-04-24T00:00:00,09 19 31 56 59 02,""
339,C8DC82C1-3976-4093-94F5-3951D031210C,339,1373489625,708543,1373489625,708543,"",2013-04-20T00:00:00,06 08 30 39 48 20,""
338,0C60CBC5-7E4B-41EC-B5C2-0F22CB589A92,338,1373489625,708543,1373489625,708543,"",2013-04-17T00:00:00,13 18 36 48 58 28,""
337,D4C28FAA-6BF6-4DCD-9E92-A7CC09C7D397,337,1373489625,708543,1373489625,708543,"",2013-04-13T00:00:00,10 12 31 56 57 33,""
336,D1BA6B1C-1971-4840-8744-146C6EA3CE93,336,1373489625,708543,1373489625,708543,"",2013-04-10T00:00:00,01 36 40 52 53 20,""
334,BB9F041B-A32F-4CEB-AFEB-469174780DFA,334,1365538135,708543,1365538135,708543,"",2013-04-06T00:00:00,04 07 08 29 39 24,""
333,DC250164-F16B-448C-86BB-1552B8E73D78,333,1365538135,708543,1365538135,708543,"",2013-04-03T00:00:00,01 06 08 12 35 03,""
332,4BD3AEAF-A4B7-41DB-80E3-29A84EBD1530,332,1365538135,708543,1365538135,708543,"",2013-03-30T00:00:00,11 23 26 46 55 27,""
331,149CB1DF-EE7B-4E15-A8C8-5F1F0BFB48FC,331,1365538135,708543,1365538135,708543,"",2013-03-27T00:00:00,07 37 43 48 52 16,""
330,F5BE3238-68A7-4A8C-9965-AB377594A587,330,1365538135,708543,1365538135,708543,"",2013-03-23T00:00:00,17 29 31 52 53 31,""
329,48D32A7D-B346-4710-8BB8-42B2272FFC14,329,1365538135,708543,1365538135,708543,"",2013-03-20T00:00:00,13 14 17 43 54 15,""
328,FCF75212-D9E5-4AFF-87BC-66189B89CB98,328,1365538135,708543,1365538135,708543,"",2013-03-16T00:00:00,03 07 21 44 53 16,""
326,0439154C-78D1-4996-8CAD-B1B954931675,326,1363374514,708543,1363374514,708543,"",2013-03-13T00:00:00,05 09 28 32 38 29,""
325,9860B5F7-D7E7-4DFF-B95D-34032B4BEDF8,325,1363374514,708543,1363374514,708543,"",2013-03-09T00:00:00,10 37 40 46 52 12,""
323,3422EF9A-9136-486B-8DBE-71ABA6D1996C,323,1362772658,706580,1362772658,706580,"",2013-03-06T00:00:00,06 10 23 41 45 01,""
322,8AD80678-E48D-45AB-8DB9-E2389662D851,322,1362772658,706580,1362772658,706580,"",2013-03-02T00:00:00,03 08 13 41 56 16,""
321,46951F5E-AB70-43CF-A18F-8FAB450CBFC0,321,1362772658,706580,1362772658,706580,"",2013-02-27T00:00:00,03 14 20 34 48 21,""
320,508D9E18-9F15-4104-ABBD-86B5461522A7,320,1362772658,706580,1362772658,706580,"",2013-02-23T00:00:00,02 05 31 39 41 29,""
319,9DC15E1B-DDDC-4404-92CB-B5DE148175E0,319,1362772658,706580,1362772658,706580,"",2013-02-20T00:00:00,03 17 19 25 32 17,""
318,BAEC5F53-D2F9-48B8-8FAF-84F32B265069,318,1362772658,706580,1362772658,706580,"",2013-02-16T00:00:00,15 16 46 50 58 29,""
317,0C92A9B8-FEDC-40D7-A407-A791143CDDBE,317,1362772658,706580,1362772658,706580,"",2013-02-13T00:00:00,12 23 25 27 43 29,""
316,3FC6D439-3147-4484-8519-4440B8FE2A89,316,1362772658,706580,1362772658,706580,"",2013-02-09T00:00:00,05 06 16 36 58 03,""
315,333E4589-A54E-49D7-91D6-1FEC76CC953B,315,1362772658,706580,1362772658,706580,"",2013-02-06T00:00:00,05 27 36 38 41 12,""
314,A1A3F5C7-97C7-4C9D-A694-2C0EE2A68760,314,1362772658,706580,1362772658,706580,"",2013-02-02T00:00:00,11 16 33 40 41 34,""
313,738F1EC3-A68F-437A-B9F8-A3E7DB8A259F,313,1362772658,706580,1362772658,706580,"",2013-01-30T00:00:00,14 16 32 47 52 16,""
312,397246CE-545F-4119-A29C-07BC53CFDA27,312,1362772658,706580,1362772658,706580,"",2013-01-26T00:00:00,03 22 26 41 49 18,""
311,9826E37F-19B7-499C-84FD-9FF396B106A4,311,1362772658,706580,1362772658,706580,"",2013-01-23T00:00:00,11 12 24 43 45 09,""
310,F135EEBF-2581-4D4B-B30D-405AC997C32F,310,1362772658,706580,1362772658,706580,"",2013-01-19T00:00:00,08 28 29 34 38 35,""
309,7D7ADFD8-0AD5-4D8D-BB5C-54B54BAB15F1,309,1362772658,706580,1362772658,706580,"",2013-01-16T00:00:00,09 21 28 32 51 35,""
308,B6955E33-CFE9-470E-B016-CCA4037F7E8F,308,1362772658,706580,1362772658,706580,"",2013-01-12T00:00:00,10 14 21 23 47 07,""
307,2D2B2571-BCB7-43F9-903F-A95BC9352549,307,1362772658,706580,1362772658,706580,"",2013-01-09T00:00:00,11 13 20 27 59 26,""
306,5B6740CB-25FE-4096-952A-22B8FD71049F,306,1362772658,706580,1362772658,706580,"",2013-01-05T00:00:00,26 30 49 51 54 25,""
305,EA310D55-EA1A-4AD5-AEC4-2D906D578237,305,1362772658,706580,1362772658,706580,"",2013-01-02T00:00:00,18 20 28 35 53 20,""
304,E8AD7A64-CBF3-41E0-8841-57A88A8A9CEA,304,1362772658,706580,1362772658,706580,"",2012-12-29T00:00:00,36 46 50 52 55 14,""
303,4E4D1611-40FC-4F76-8D11-814B0230E9E9,303,1362772658,706580,1362772658,706580,"",2012-12-26T00:00:00,11 13 23 43 54 04,""
302,3751AF81-0687-4D2D-88E3-6394361D18E4,302,1362772658,706580,1362772658,706580,"",2012-12-22T00:00:00,01 18 35 39 44 11,""
301,8D72164F-DC14-4C2D-B905-2236F6D766A0,301,1362772658,706580,1362772658,706580,"",2012-12-19T00:00:00,05 08 20 23 30 03,""
300,C471CB03-D137-4D02-A38B-17D3DD24AB61,300,1362772658,706580,1362772658,706580,"",2012-12-15T00:00:00,15 23 40 44 55 14,""
299,08BF1FF1-5F06-47B9-BE7D-B256988D55E3,299,1362772658,706580,1362772658,706580,"",2012-12-12T00:00:00,08 10 25 36 44 28,""
298,2923720E-CC6D-4FA4-9D78-D0D1EA8EB401,298,1362772658,706580,1362772658,706580,"",2012-12-08T00:00:00,07 23 26 40 53 21,""
297,BAF2D745-7C18-4FFA-BDCE-9335B51B3044,297,1362772658,706580,1362772658,706580,"",2012-12-05T00:00:00,13 17 19 27 38 12,""
296,1F2CCE2B-0EB4-4866-A863-4E0F6AF4C137,296,1362772658,706580,1362772658,706580,"",2012-12-01T00:00:00,03 10 19 36 46 03,""
295,42030C9D-944B-4CA6-ACF9-491121D867AC,295,1362772658,706580,1362772658,706580,"",2012-11-28T00:00:00,05 16 22 23 29 06,""
294,347CD937-33FD-40DF-B30A-2926AB462E46,294,1362772658,706580,1362772658,706580,"",2012-11-24T00:00:00,22 32 37 44 50 34,""
293,79919921-AEE6-48DF-9450-BB91C923FFB4,293,1362772658,706580,1362772658,706580,"",2012-11-21T00:00:00,08 18 24 30 39 26,""
292,79A650AF-912E-4C50-A912-22D6CE48C74C,292,1362772658,706580,1362772658,706580,"",2012-11-17T00:00:00,03 15 27 58 59 20,""
291,2DFD63FF-F496-4915-ADBE-CFC7B2F020E4,291,1362772658,706580,1362772658,706580,"",2012-11-14T00:00:00,08 10 30 44 58 13,""
290,26EF36DB-6E16-4504-99D7-586EF63C5BFD,290,1362772658,706580,1362772658,706580,"",2012-11-10T00:00:00,32 42 50 54 55 32,""
289,00DF4287-E311-4041-803D-50CD8CF730F8,289,1362772658,706580,1362772658,706580,"",2012-11-07T00:00:00,32 34 45 52 58 20,""
288,C41607D3-580C-43BB-ADAD-9CC43C5819D0,288,1362772658,706580,1362772658,706580,"",2012-11-03T00:00:00,04 07 09 30 54 25,""
287,57B7ED0C-5CC1-4081-9590-E199DF5FA176,287,1362772658,706580,1362772658,706580,"",2012-10-31T00:00:00,01 27 31 45 48 05,""
286,B6575F0B-D385-47EA-9332-D106904A702A,286,1362772658,706580,1362772658,706580,"",2012-10-27T00:00:00,22 32 34 36 56 33,""
285,9BF840BF-31FE-4089-99F6-9A011979ABEE,285,1362772658,706580,1362772658,706580,"",2012-10-24T00:00:00,03 18 21 23 50 04,""
284,B4D90A89-0789-4D09-BDDC-03C9DF67DC6F,284,1362772658,706580,1362772658,706580,"",2012-10-20T00:00:00,04 21 28 31 44 10,""
283,E417DA4F-11BE-4903-ADAF-8FDD30355EF5,283,1362772658,706580,1362772658,706580,"",2012-10-17T00:00:00,01 07 10 23 42 35,""
282,5365107E-2287-48CA-AD58-6C9A023C714C,282,1362772658,706580,1362772658,706580,"",2012-10-13T00:00:00,02 05 25 26 49 18,""
281,6636BBF0-8EBC-418F-A550-FA95CACC0619,281,1362772658,706580,1362772658,706580,"",2012-10-10T00:00:00,18 26 29 35 43 28,""
280,914519F9-A8B7-434F-B0D4-907038C71E5A,280,1362772658,706580,1362772658,706580,"",2012-10-06T00:00:00,15 26 34 36 59 35,""
279,26ECC80A-B310-4A53-92CE-202F7B197214,279,1362772658,706580,1362772658,706580,"",2012-10-03T00:00:00,17 23 36 55 59 10,""
278,085D6278-8169-45F2-8139-5AE139D49584,278,1362772658,706580,1362772658,706580,"",2012-09-29T00:00:00,14 18 28 29 57 08,""
277,30FAC46C-67D1-4517-B9C1-C45A66ECD4AD,277,1362772658,706580,1362772658,706580,"",2012-09-26T00:00:00,13 26 39 41 42 10,""
276,5DDD7687-0420-45D4-9B0F-1A1BAC9E7B1D,276,1362772658,706580,1362772658,706580,"",2012-09-22T00:00:00,02 16 18 40 42 33,""
275,B5ACAEA4-1D1F-43F9-BC05-A0248EB5BE8B,275,1362772658,706580,1362772658,706580,"",2012-09-19T00:00:00,01 05 08 39 50 23,""
274,AD1E516B-00D1-45E2-910C-1440D98CB95B,274,1362772658,706580,1362772658,706580,"",2012-09-15T00:00:00,03 20 26 43 48 01,""
273,49C909B5-17D3-4790-9665-6C8030223DB0,273,1362772658,706580,1362772658,706580,"",2012-09-12T00:00:00,24 33 36 48 56 06,""
272,9D59886E-17B3-4947-90D9-2D3901D57C71,272,1362772658,706580,1362772658,706580,"",2012-09-08T00:00:00,06 20 34 44 48 29,""
271,CE3C7F39-5D43-4AFF-9761-7CE56DB9D923,271,1362772658,706580,1362772658,706580,"",2012-09-05T00:00:00,04 19 26 42 51 29,""
270,CEECAF38-CF6B-4715-8EE1-37C5206F1C2C,270,1362772658,706580,1362772658,706580,"",2012-09-01T00:00:00,08 11 21 44 49 22,""
269,BE75088A-CED8-44AC-AFB8-19C09D6FE196,269,1362772658,706580,1362772658,706580,"",2012-08-29T00:00:00,25 28 49 54 56 28,""
268,BF067455-0051-4B07-8A18-CAC7AA537C02,268,1362772658,706580,1362772658,706580,"",2012-08-25T00:00:00,01 06 07 20 49 23,""
267,9A0B6856-C420-4411-84EA-99AC6BBF0015,267,1362772658,706580,1362772658,706580,"",2012-08-22T00:00:00,22 29 31 47 55 19,""
266,4BE3F65C-4B6A-4081-B75D-9280C8367C17,266,1362772658,706580,1362772658,706580,"",2012-08-18T00:00:00,14 26 41 55 59 01,""
265,06C0AA9D-39A8-4928-8C8F-61DA329BCC7F,265,1362772658,706580,1362772658,706580,"",2012-08-15T00:00:00,06 27 46 51 56 21,""
264,BD63131D-D862-4186-A0EF-4A290455A282,264,1362772658,706580,1362772658,706580,"",2012-08-11T00:00:00,04 13 39 46 51 01,""
263,3BCB7B3F-E4B8-4AB7-A071-82998C6274EF,263,1362772658,706580,1362772658,706580,"",2012-08-08T00:00:00,03 07 11 15 28 12,""
262,98DBB22C-0155-4F72-A68B-179D47A1C9BA,262,1362772658,706580,1362772658,706580,"",2012-08-04T00:00:00,19 30 48 53 55 18,""
261,DFF18A33-7D8D-49DE-8811-13A0E2D2C846,261,1362772658,706580,1362772658,706580,"",2012-08-01T00:00:00,03 16 48 56 58 04,""
260,E6E27C61-9F67-4435-B056-6C9E11E05396,260,1362772658,706580,1362772658,706580,"",2012-07-28T00:00:00,05 06 13 36 50 13,""
259,EF93A1EE-E937-46EE-BE45-93144E3B018A,259,1362772658,706580,1362772658,706580,"",2012-07-25T00:00:00,03 14 35 38 46 16,""
258,94CE7B77-0577-441F-AEB8-21C06FB72FB1,258,1362772658,706580,1362772658,706580,"",2012-07-21T00:00:00,09 31 38 54 56 20,""
257,E97770CF-2D5B-4E50-AD4E-DA908CB1A65D,257,1362772658,706580,1362772658,706580,"",2012-07-18T00:00:00,02 05 20 23 57 03,""
256,68724EFF-9945-4B64-8703-C3885EEBF72A,256,1362772658,706580,1362772658,706580,"",2012-07-14T00:00:00,04 16 32 37 46 13,""
255,5A74A68D-4FE4-47CF-A30E-FD00A448556C,255,1362772658,706580,1362772658,706580,"",2012-07-11T00:00:00,05 22 36 49 55 23,""
254,289BFBF7-9899-4318-8FA9-248D0D2DD6BE,254,1362772658,706580,1362772658,706580,"",2012-07-07T00:00:00,03 05 29 39 59 29,""
253,0520D56E-49E1-4437-883A-BEA8549177E9,253,1362772658,706580,1362772658,706580,"",2012-07-04T00:00:00,14 19 35 39 56 33,""
252,187F3244-451C-44C4-9E2E-F6148EBD5486,252,1362772658,706580,1362772658,706580,"",2012-06-30T00:00:00,07 15 20 41 44 22,""
251,5A9F43EF-49A3-4775-B5D4-01FB399BDBA0,251,1362772658,706580,1362772658,706580,"",2012-06-27T00:00:00,06 34 40 46 58 06,""
250,64752403-F193-4E6C-8DAB-426B915D324C,250,1362772658,706580,1362772658,706580,"",2012-06-23T00:00:00,01 03 41 44 53 30,""
249,E485B061-0AB2-480C-83DD-CDD20DAF53A9,249,1362772658,706580,1362772658,706580,"",2012-06-20T00:00:00,11 17 29 56 57 14,""
248,131CCCCE-98B4-4508-BBE4-D1DAF52D24C1,248,1362772658,706580,1362772658,706580,"",2012-06-16T00:00:00,08 14 15 16 27 26,""
247,EE8DA13A-D8D2-4E45-AB14-F582E01B1890,247,1362772658,706580,1362772658,706580,"",2012-06-13T00:00:00,07 10 14 33 57 18,""
246,7ADA588B-6072-453B-83D3-3121A766E766,246,1362772658,706580,1362772658,706580,"",2012-06-09T00:00:00,18 22 45 56 57 27,""
245,8745C895-057D-425C-8AC4-3893B1217811,245,1362772658,706580,1362772658,706580,"",2012-06-06T00:00:00,19 30 33 48 59 27,""
244,BC98C758-2146-4840-B56D-F558C6DFC597,244,1362772658,706580,1362772658,706580,"",2012-06-02T00:00:00,09 10 17 29 45 33,""
243,8841334C-6681-4C95-A2D1-E98368995E74,243,1362772658,706580,1362772658,706580,"",2012-05-30T00:00:00,09 10 24 52 56 14,""
242,37DC3FAB-1784-4A7F-8175-12BF55F9F707,242,1362772658,706580,1362772658,706580,"",2012-05-26T00:00:00,13 14 41 49 59 14,""
241,DC69454E-7153-42B1-80C0-B782FE2947C6,241,1362772658,706580,1362772658,706580,"",2012-05-23T00:00:00,04 07 26 53 59 32,""
240,38ED6B08-4AE8-4D03-9CA3-F6CEEE7AD5EA,240,1362772658,706580,1362772658,706580,"",2012-05-19T00:00:00,08 13 35 46 51 30,""
239,CDC9826E-CAA4-4851-BA89-40F94C43640F,239,1362772658,706580,1362772658,706580,"",2012-05-16T00:00:00,03 07 21 28 43 02,""
238,9F497756-5D8C-44F9-BCA9-32C85F24C7B4,238,1362772658,706580,1362772658,706580,"",2012-05-12T00:00:00,10 24 35 53 58 22,""
237,1D2FD83C-6F5D-4D0E-84F6-DBEBA73226FB,237,1362772658,706580,1362772658,706580,"",2012-05-09T00:00:00,01 07 11 55 56 01,""
236,247DF1DB-7140-4F4E-BAA8-82D44151B697,236,1362772658,706580,1362772658,706580,"",2012-05-05T00:00:00,09 12 20 44 59 23,""
235,CE62EC65-4B54-424B-AF1E-9DA89A23AC3B,235,1362772658,706580,1362772658,706580,"",2012-05-02T00:00:00,07 08 33 38 50 29,""
234,84D6DF1E-2850-48D6-81C8-BA6813947093,234,1362772658,706580,1362772658,706580,"",2012-04-28T00:00:00,31 39 40 57 58 33,""
233,25732E04-4CEA-481A-BBBD-BB706A4822A2,233,1362772658,706580,1362772658,706580,"",2012-04-25T00:00:00,04 25 29 34 43 29,""
232,08E109BC-46CD-405D-B55B-D63C8EF1E88E,232,1362772658,706580,1362772658,706580,"",2012-04-21T00:00:00,06 08 20 42 51 16,""
231,82FC523B-BD1D-4A5B-925C-488764025F63,231,1362772658,706580,1362772658,706580,"",2012-04-18T00:00:00,20 22 39 46 49 29,""
230,DAB9D612-C187-4B13-BCBC-36E33A22250B,230,1362772658,706580,1362772658,706580,"",2012-04-14T00:00:00,14 15 16 19 24 02,""
229,82DD4C26-AA7D-4C11-BEA8-9899EF5FF86A,229,1362772658,706580,1362772658,706580,"",2012-04-11T00:00:00,16 23 42 44 47 02,""
228,E63BE891-43F0-4910-8EE4-5EDA1FBB719F,228,1362772658,706580,1362772658,706580,"",2012-04-07T00:00:00,05 13 17 20 30 18,""
227,0540775F-6648-4FEA-8444-5573749AE140,227,1362772658,706580,1362772658,706580,"",2012-04-04T00:00:00,01 24 33 45 49 06,""
226,892B6304-F1C9-4968-BEFB-1D518B238C0A,226,1362772658,706580,1362772658,706580,"",2012-03-31T00:00:00,05 14 36 54 58 27,""
225,77D4E5AC-74EF-49E1-8D14-E1F3C85235C8,225,1362772658,706580,1362772658,706580,"",2012-03-28T00:00:00,11 16 29 50 58 33,""
224,C13FB396-7E85-4D9D-84E7-8F31BBE3953D,224,1362772658,706580,1362772658,706580,"",2012-03-24T00:00:00,01 15 35 37 47 08,""
223,28FCDA38-FE5D-4F76-8E81-91D7C46AEE36,223,1362772658,706580,1362772658,706580,"",2012-03-21T00:00:00,32 43 53 55 56 06,""
222,6340B968-9772-46AA-A489-0928359C5E72,222,1362772658,706580,1362772658,706580,"",2012-03-17T00:00:00,11 14 49 55 58 30,""
221,6BBE1009-6381-419A-88CC-F4DCCDF5AEEE,221,1362772658,706580,1362772658,706580,"",2012-03-14T00:00:00,01 08 41 46 59 24,""
220,A36FEF9D-2D5B-4DEC-8A5E-58497A21241A,220,1362772658,706580,1362772658,706580,"",2012-03-10T00:00:00,05 14 17 20 41 05,""
219,D2A8DF68-9343-49F2-8705-FD28B2CC3A90,219,1362772658,706580,1362772658,706580,"",2012-03-07T00:00:00,12 35 45 46 47 12,""
218,222E59E8-FFD7-4CC5-BC7C-B757746CAF8D,218,1362772658,706580,1362772658,706580,"",2012-03-03T00:00:00,29 30 45 47 49 35,""
217,C6FD7554-ACF3-45A5-8B06-06DC1DF30BB2,217,1362772658,706580,1362772658,706580,"",2012-02-29T00:00:00,01 04 11 23 26 14,""
216,F72A4C8C-E83F-4623-B0A8-AC4170F711BC,216,1362772658,706580,1362772658,706580,"",2012-02-25T00:00:00,06 11 42 53 54 07,""
215,8F769561-C534-46EF-8DC9-0CD5F69FCD7C,215,1362772658,706580,1362772658,706580,"",2012-02-22T00:00:00,07 16 17 39 51 32,""
214,0D5BCFD5-88FC-46D0-ACD6-54C967456941,214,1362772658,706580,1362772658,706580,"",2012-02-18T00:00:00,23 28 50 56 59 05,""
213,35B6335E-90F5-406F-9417-9ECA5F4ED28E,213,1362772658,706580,1362772658,706580,"",2012-02-15T00:00:00,11 12 32 52 56 11,""
212,C9F84026-FA64-4891-8FDC-7D91CFAA9773,212,1362772658,706580,1362772658,706580,"",2012-02-11T00:00:00,01 10 37 52 57 11,""
211,9A2D1456-8BFB-40DF-A66A-FAF7EF6B4355,211,1362772658,706580,1362772658,706580,"",2012-02-08T00:00:00,17 28 38 39 51 33,""
210,A1F66607-2F2B-4C84-AD68-D3AF901A6182,210,1362772658,706580,1362772658,706580,"",2012-02-04T00:00:00,15 23 43 45 56 07,""
209,1EF7C6C9-8B72-48E6-AB36-6BFCFB77B3DE,209,1362772658,706580,1362772658,706580,"",2012-02-01T00:00:00,08 13 17 34 59 35,""
208,7B5054A4-2F50-484B-86F6-9F9CF78CC9A5,208,1362772658,706580,1362772658,706580,"",2012-01-28T00:00:00,05 33 41 54 59 13,""
207,02C6C142-463F-413B-9005-56E28EC96210,207,1362772658,706580,1362772658,706580,"",2012-01-25T00:00:00,04 19 28 29 47 05,""
206,73E19009-0F21-46C8-951D-D7BB50ECE5F1,206,1362772658,706580,1362772658,706580,"",2012-01-21T00:00:00,12 24 43 44 45 07,""
205,68BFE997-EF24-4FF7-809E-4B98BAD12A33,205,1362772658,706580,1362772658,706580,"",2012-01-18T00:00:00,06 29 34 44 50 28,""
204,369DB95A-DE5B-4070-A175-54CEA5043F88,204,1362772658,706580,1362772658,706580,"",2012-01-14T00:00:00,10 30 36 38 41 01,5
203,99D4B50F-83D9-478D-AA96-B7225A6A0F2B,203,1362772658,706580,1362772658,706580,"",2012-01-11T00:00:00,05 19 29 45 47 25,2
202,4F718048-E61B-495B-805C-E35624F2182D,202,1362772658,706580,1362772658,706580,"",2012-01-07T00:00:00,03 21 24 38 39 24,5
201,6ED79AB6-04B8-48AF-802D-F8940CFC370A,201,1362772658,706580,1362772658,706580,"",2012-01-04T00:00:00,21 35 46 47 50 02,4
200,07D40B41-E652-4393-B749-19685DE4579C,200,1362772658,706580,1362772658,706580,"",2011-12-31T00:00:00,05 23 25 28 40 34,4
199,CA3DF9C8-70E1-4A1D-8520-452A0E9E058E,199,1362772658,706580,1362772658,706580,"",2011-12-28T00:00:00,16 21 27 41 45 14,2
198,828E2F73-D48C-4C04-A3F1-2BB4E739E0D8,198,1362772658,706580,1362772658,706580,"",2011-12-24T00:00:00,14 16 30 51 52 19,2
197,C1165E24-1C4B-4FB3-936D-3D6EE2FC6EB6,197,1362772658,706580,1362772658,706580,"",2011-12-21T00:00:00,10 13 15 31 54 18,5
196,583A0BA7-F5C2-4537-A074-F4589AD9ADCB,196,1362772658,706580,1362772658,706580,"",2011-12-17T00:00:00,13 28 49 51 59 33,4
195,997563CF-3217-4133-BC62-E7C36F38FF0B,195,1362772658,706580,1362772658,706580,"",2011-12-14T00:00:00,02 24 46 52 56 19,5
194,18FDF2CE-359B-4AE4-ADDD-EE9BA474C3BC,194,1362772658,706580,1362772658,706580,"",2011-12-10T00:00:00,04 19 33 41 59 09,5
193,3DE2C47F-5816-4A66-A1D1-A926FEDC1D96,193,1362772658,706580,1362772658,706580,"",2011-12-07T00:00:00,03 14 20 39 40 37,2
192,7B2EB6A1-B2C2-410D-B252-880BC27937CD,192,1362772658,706580,1362772658,706580,"",2011-12-03T00:00:00,05 18 33 43 45 08,3
191,1AFEF399-4B0D-4F4B-8B78-731594986C57,191,1362772658,706580,1362772658,706580,"",2011-11-30T00:00:00,02 06 34 35 47 22,2
190,4064BDA6-CA03-4989-B90F-43317004BFF5,190,1362772658,706580,1362772658,706580,"",2011-11-26T00:00:00,20 37 39 45 55 28,2
189,5354A5AD-8C46-4292-922D-061B18AB5D56,189,1362772658,706580,1362772658,706580,"",2011-11-23T00:00:00,04 30 35 57 59 25,2
188,047DBA01-8F50-437D-A8CC-1A8EBB69B7B8,188,1362772658,706580,1362772658,706580,"",2011-11-19T00:00:00,09 16 17 28 30 11,3
187,8D0CE332-1F93-4397-80B5-7EEC36FA54C2,187,1362772658,706580,1362772658,706580,"",2011-11-16T00:00:00,13 22 25 39 51 28,2
186,29DD3DC2-E14B-4EDE-9C30-8216914D6FEA,186,1362772658,706580,1362772658,706580,"",2011-11-12T00:00:00,04 35 36 51 56 08,5
185,05C290E8-16E5-4171-934E-A81EF8EA7CE4,185,1362772658,706580,1362772658,706580,"",2011-11-09T00:00:00,05 35 57 58 59 12,3
184,F32FB3B1-964E-4D3B-86A3-B39E8A1E44C8,184,1362772658,706580,1362772658,706580,"",2011-11-05T00:00:00,02 33 39 40 43 26,3
183,9F7AB101-0EC5-4617-AAD4-FB5DD9810884,183,1362772658,706580,1362772658,706580,"",2011-11-02T00:00:00,12 14 34 39 46 36,4
182,300213E7-DCFA-44CC-BD61-479DD2E54C11,182,1362772658,706580,1362772658,706580,"",2011-10-29T00:00:00,11 16 40 51 56 38,5
181,A3FFE3C7-995D-45D4-91E9-FAEB81FA105A,181,1362772658,706580,1362772658,706580,"",2011-10-26T00:00:00,01 18 21 39 55 06,3
180,F14A714F-288C-4A49-80D9-8241C098F089,180,1362772658,706580,1362772658,706580,"",2011-10-22T00:00:00,03 08 23 30 58 13,4
179,36AEAE64-DA73-43F7-85B0-90FD865FFC9B,179,1362772658,706580,1362772658,706580,"",2011-10-19T00:00:00,16 26 35 52 58 02,5
178,3989F7B0-F975-4456-986E-531A691311D9,178,1362772658,706580,1362772658,706580,"",2011-10-15T00:00:00,05 10 24 38 43 01,4
177,4FE26456-F945-4CA1-9849-5405C5EB0D02,177,1362772658,706580,1362772658,706580,"",2011-10-12T00:00:00,10 12 23 43 47 18,3
176,2E0A35CF-76FC-4AA4-9F59-B69878A66A81,176,1362772658,706580,1362772658,706580,"",2011-10-08T00:00:00,03 27 35 37 45 31,5
175,7E194E19-56CE-4A82-991B-E623641DDA4B,175,1362772658,706580,1362772658,706580,"",2011-10-05T00:00:00,07 20 43 46 54 17,4
174,8EC47719-C980-4F2D-95A7-6DEA8EBBE49B,174,1362772658,706580,1362772658,706580,"",2011-10-01T00:00:00,01 12 23 27 43 31,3
173,34C73D37-392F-43BC-A494-E0FB5D6B354D,173,1362772658,706580,1362772658,706580,"",2011-09-28T00:00:00,30 41 50 51 53 08,2
172,D074055A-E72B-4DBB-B1FB-E8783EAA0D41,172,1362772658,706580,1362772658,706580,"",2011-09-24T00:00:00,03 04 12 27 44 26,5
171,17CEB9C3-945A-4874-BA6F-B9AE7C07FAFC,171,1362772658,706580,1362772658,706580,"",2011-09-21T00:00:00,12 47 48 52 55 13,4
170,7D4EDF40-6655-4D99-A635-66CC7FDAB422,170,1362772658,706580,1362772658,706580,"",2011-09-17T00:00:00,06 20 22 32 43 11,2
169,9FA4926B-6EEB-4FAB-A6A6-B8A71BF39BCD,169,1362772658,706580,1362772658,706580,"",2011-09-14T00:00:00,16 41 42 50 59 05,3
168,9A979EB9-5F95-4313-A115-1D0FDB7B2AA0,168,1362772658,706580,1362772658,706580,"",2011-09-10T00:00:00,04 19 22 32 53 24,4
167,7B8C595B-EAA8-4511-AB8A-22F05D0E1493,167,1362772658,706580,1362772658,706580,"",2011-09-07T00:00:00,03 05 18 27 54 13,4
166,56803DBA-389D-414C-95F1-3F1F4EF87C93,166,1362772658,706580,1362772658,706580,"",2011-09-03T00:00:00,15 25 52 53 54 02,5
165,03453461-CFD5-45F8-B8D6-4F4EFC4B3E1D,165,1362772658,706580,1362772658,706580,"",2011-08-31T00:00:00,13 19 35 47 57 29,5
164,DDE69E16-E29A-44F9-8DF0-B75FC8E5446E,164,1362772658,706580,1362772658,706580,"",2011-08-27T00:00:00,02 12 25 54 58 14,3
163,91FFF0D2-E5F6-46F2-AF8D-530E691E2758,163,1362772658,706580,1362772658,706580,"",2011-08-24T00:00:00,09 13 47 49 53 39,5
162,1480D8BB-7D88-4307-83EB-917D7D3D60A6,162,1362772658,706580,1362772658,706580,"",2011-08-20T00:00:00,02 17 23 28 47 36,2
161,0EB476D2-7418-4354-B8A8-205A90DC1DDF,161,1362772658,706580,1362772658,706580,"",2011-08-17T00:00:00,18 28 31 48 52 37,4
160,C3DAF6FF-C8EE-4D4D-A6FE-D1B18DD65FF1,160,1362772658,706580,1362772658,706580,"",2011-08-13T00:00:00,09 12 35 50 58 04,2
159,8C84603D-A637-400F-885E-83939C95191E,159,1362772658,706580,1362772658,706580,"",2011-08-10T00:00:00,11 18 36 41 46 38,4
158,8E9ECF5E-B2FD-4573-B80A-2A1ADCDC4202,158,1362772658,706580,1362772658,706580,"",2011-08-06T00:00:00,25 30 54 57 59 06,3
157,44654407-6D79-4A7B-9289-448842BDFABD,157,1362772658,706580,1362772658,706580,"",2011-08-03T00:00:00,13 19 21 28 49 11,2
156,50A1075C-9262-4B20-8D86-C8D90A4E7752,156,1362772658,706580,1362772658,706580,"",2011-07-30T00:00:00,20 40 41 47 55 19,2
155,C4AE9DAC-E9EF-4D8E-A325-215DD8E9ED66,155,1362772658,706580,1362772658,706580,"",2011-07-27T00:00:00,38 40 41 51 59 33,2
154,B816B09A-67CE-4F64-8F46-F40067CDEFB9,154,1362772658,706580,1362772658,706580,"",2011-07-23T00:00:00,01 07 27 38 48 30,3
153,F382A07F-8C7F-4421-9787-1F1848CD9495,153,1362772658,706580,1362772658,706580,"",2011-07-20T00:00:00,01 04 38 40 42 17,4
152,BF59C62F-CE42-46B3-8D53-4BB89C044A0B,152,1362772658,706580,1362772658,706580,"",2011-07-16T00:00:00,24 28 48 50 54 25,3
151,F01DDCEF-548F-470B-AA4C-64344207CF70,151,1362772658,706580,1362772658,706580,"",2011-07-13T00:00:00,08 18 19 32 54 08,4
150,28EC195A-D329-4CD4-8186-830B0B26E986,150,1362772658,706580,1362772658,706580,"",2011-07-09T00:00:00,01 09 11 23 31 06,3
149,0CE75BB4-3F14-4A49-A29C-821D5214EEFF,149,1362772658,706580,1362772658,706580,"",2011-07-06T00:00:00,11 15 24 50 55 08,2
148,C763B039-97BC-429A-A266-54E676FD9FE8,148,1362772658,706580,1362772658,706580,"",2011-07-02T00:00:00,01 11 18 29 51 32,3
147,2F615FCA-77BF-467B-B83F-C8C952A495B1,147,1362772658,706580,1362772658,706580,"",2011-06-29T00:00:00,24 30 45 57 59 26,3
146,7D31993D-45DC-41A3-BFD0-9A813652F08E,146,1362772658,706580,1362772658,706580,"",2011-06-25T00:00:00,18 36 39 41 57 12,4
145,A3F9E171-836B-485E-8CEE-5B98BC033F4E,145,1362772658,706580,1362772658,706580,"",2011-06-22T00:00:00,12 15 19 46 59 12,4
144,0ED73FCF-199E-45CC-9C97-363AA8FDFDCF,144,1362772658,706580,1362772658,706580,"",2011-06-18T00:00:00,12 21 22 38 41 18,2
143,7D7AC37A-E986-4A6B-B961-922D9EDF1F35,143,1362772658,706580,1362772658,706580,"",2011-06-15T00:00:00,19 20 38 41 43 29,4
142,F91BBF8A-2984-4398-8770-E4CDB5CDC4A4,142,1362772658,706580,1362772658,706580,"",2011-06-11T00:00:00,16 18 27 36 50 08,3
141,61378B85-5CAA-4022-B572-B4AE0E2F7777,141,1362772658,706580,1362772658,706580,"",2011-06-08T00:00:00,14 37 44 45 53 29,5
140,CC7942F6-877B-48B6-9181-93A1C98B0359,140,1362772658,706580,1362772658,706580,"",2011-06-04T00:00:00,17 19 39 41 58 21,5
139,02B6BE3F-A964-47C4-9697-E29201F09028,139,1362772658,706580,1362772658,706580,"",2011-06-01T00:00:00,08 18 38 46 56 31,4
138,F3267566-AE83-44F3-8160-789EA1016E1D,138,1362772658,706580,1362772658,706580,"",2011-05-28T00:00:00,12 20 43 51 55 11,4
137,A2C61ADF-F689-4794-A808-84A75826E743,137,1362772658,706580,1362772658,706580,"",2011-05-25T00:00:00,04 23 31 42 50 23,2
136,0FF01D7C-AE37-437E-A5AC-61BAA2508D7D,136,1362772658,706580,1362772658,706580,"",2011-05-21T00:00:00,02 08 40 49 50 36,3
135,0D63C006-11D5-40CF-B587-384346C41C25,135,1362772658,706580,1362772658,706580,"",2011-05-18T00:00:00,07 12 13 42 49 16,4
134,062F616D-0E21-4794-8D63-3E30E3681E44,134,1362772658,706580,1362772658,706580,"",2011-05-14T00:00:00,08 17 18 40 44 16,2
133,097C8559-2817-4737-B26D-ECB09BC40AC0,133,1362772658,706580,1362772658,706580,"",2011-05-11T00:00:00,09 17 32 43 45 31,3
132,B3163D53-EA4D-4386-A43E-EFC60A5AEF26,132,1362772658,706580,1362772658,706580,"",2011-05-07T00:00:00,02 11 27 47 55 15,4
131,79798878-CCD2-453E-9E27-DA9765FD2A3A,131,1362772658,706580,1362772658,706580,"",2011-05-04T00:00:00,03 15 27 29 41 24,4
130,45333360-9131-4043-8852-CB77AA794370,130,1362772658,706580,1362772658,706580,"",2011-04-30T00:00:00,06 13 15 32 41 03,2
129,5230AEAD-648E-4D5E-8F6D-1B64A3E7A1AB,129,1362772658,706580,1362772658,706580,"",2011-04-27T00:00:00,04 24 40 44 55 05,2
128,287D98E0-5CB1-4EF9-9A57-79BEF03483A7,128,1362772658,706580,1362772658,706580,"",2011-04-23T00:00:00,03 11 47 48 58 19,3
127,E1AB915B-0D8E-4BBA-9089-37023D54ECBF,127,1362772658,706580,1362772658,706580,"",2011-04-20T00:00:00,09 24 34 36 43 27,3
126,51ED8DC0-6501-40FB-9531-3910843D6BC0,126,1362772658,706580,1362772658,706580,"",2011-04-16T00:00:00,21 33 44 45 55 07,5
125,7E843BE0-E068-4511-8237-9D5750123BF8,125,1362772658,706580,1362772658,706580,"",2011-04-13T00:00:00,04 23 39 49 50 39,3
124,0CE21D53-C1DC-4C48-A18F-CB4BF10B7F20,124,1362772658,706580,1362772658,706580,"",2011-04-09T00:00:00,05 14 32 53 56 11,4
123,5E1119FF-9619-4732-A895-865FE789F558,123,1362772658,706580,1362772658,706580,"",2011-04-06T00:00:00,10 18 41 55 56 15,2
122,526B953C-4B88-4AE0-8D48-0E74E7A8CF16,122,1362772658,706580,1362772658,706580,"",2011-04-02T00:00:00,06 22 34 43 45 23,2
121,98108522-00D3-4187-9D88-800337831326,121,1362772658,706580,1362772658,706580,"",2011-03-30T00:00:00,19 20 42 56 58 37,4
120,58851C51-CBA6-4015-ADB3-0632A9458096,120,1362772658,706580,1362772658,706580,"",2011-03-26T00:00:00,04 10 11 19 33 27,4
119,F9CE6E77-CD5F-452A-8F5A-363513D83F62,119,1362772658,706580,1362772658,706580,"",2011-03-23T00:00:00,05 15 26 28 32 09,2
118,F71FBC6A-7F1F-4031-8178-72989CA00D2F,118,1362772658,706580,1362772658,706580,"",2011-03-19T00:00:00,03 11 20 27 46 08,2
117,533BD995-6463-429B-9958-A9BED29B39D0,117,1362772658,706580,1362772658,706580,"",2011-03-16T00:00:00,28 39 40 48 53 09,3
116,557208D2-F86E-4E3F-9FCB-A5BEE7356AFA,116,1362772658,706580,1362772658,706580,"",2011-03-12T00:00:00,01 04 12 41 47 03,4
115,FF3AEC1E-2DDC-4C2A-9E7D-3DE77D22C255,115,1362772658,706580,1362772658,706580,"",2011-03-09T00:00:00,12 20 28 40 48 08,2
114,CC29B3FF-7526-467F-81BB-16E0237C3E0C,114,1362772658,706580,1362772658,706580,"",2011-03-05T00:00:00,02 23 31 42 48 21,2
113,FD1388E7-2747-47FA-949D-05FD678528AB,113,1362772658,706580,1362772658,706580,"",2011-03-02T00:00:00,07 31 50 51 58 06,2
112,F9220CDF-6C68-4D5D-95F2-8AFC87973920,112,1362772658,706580,1362772658,706580,"",2011-02-26T00:00:00,04 13 17 21 45 10,5
111,2A3C62E6-7D95-4563-9AB2-7AE7765DB390,111,1362772658,706580,1362772658,706580,"",2011-02-23T00:00:00,29 32 36 39 49 29,3
110,061296AF-4EFD-41C1-B9CF-E17CD2852137,110,1362772658,706580,1362772658,706580,"",2011-02-19T00:00:00,03 12 34 37 42 36,5
109,8F293368-4D17-4AD5-AF5B-C74726FD0434,109,1362772658,706580,1362772658,706580,"",2011-02-16T00:00:00,09 13 21 23 48 24,2
108,05A24764-9DEA-4AEF-93A5-AB82E261185D,108,1362772658,706580,1362772658,706580,"",2011-02-12T00:00:00,11 32 36 48 52 19,4
107,4FCF4408-9656-46A5-9819-21003BC40254,107,1362772658,706580,1362772658,706580,"",2011-02-09T00:00:00,07 11 39 42 51 30,4
106,EA37777E-4995-4377-94BD-C63B99CADD29,106,1362772658,706580,1362772658,706580,"",2011-02-05T00:00:00,15 37 41 56 59 05,5
105,B3BCD26B-3E87-49B5-9E32-A944F64853C6,105,1362772658,706580,1362772658,706580,"",2011-02-02T00:00:00,03 14 33 53 57 36,4
104,E016B13D-A0E4-4DA7-BDE3-68CD0F747494,104,1362772658,706580,1362772658,706580,"",2011-01-29T00:00:00,24 28 45 49 52 02,4
103,05BD1A80-DAC2-4877-B98A-85A642530EE5,103,1362772658,706580,1362772658,706580,"",2011-01-26T00:00:00,04 05 36 47 58 06,3
102,AF143F6E-C97C-400B-B1B4-F2E6D55DD9F3,102,1362772658,706580,1362772658,706580,"",2011-01-22T00:00:00,30 31 34 45 51 23,2
101,8AE587F8-B4D4-48F1-A5CD-74A2D61965C0,101,1362772658,706580,1362772658,706580,"",2011-01-19T00:00:00,22 36 51 56 59 32,3
100,CF901D2A-4E08-4E73-831B-A949AC1141D6,100,1362772658,706580,1362772658,706580,"",2011-01-15T00:00:00,09 13 22 23 37 31,3
99,B6356A6B-4369-4138-A6EE-AC710C822F4A,99,1362772658,706580,1362772658,706580,"",2011-01-12T00:00:00,19 21 23 40 48 27,4
98,C45F6776-46DC-4484-A22D-2710D96F7479,98,1362772658,706580,1362772658,706580,"",2011-01-08T00:00:00,06 07 26 33 52 24,2
97,40038954-8377-494E-944E-908E85973739,97,1362772658,706580,1362772658,706580,"",2011-01-05T00:00:00,22 26 32 38 40 07,5
96,93F87258-233E-4B01-A29A-8EFCCE13722C,96,1362772658,706580,1362772658,706580,"",2011-01-01T00:00:00,18 22 37 47 54 36,2
95,4FC247E7-FCB1-4530-9DCE-C52909402E52,95,1362772658,706580,1362772658,706580,"",2010-12-29T00:00:00,03 16 18 20 37 30,2
94,5198F649-642C-4E21-A772-134F09716BA3,94,1362772658,706580,1362772658,706580,"",2010-12-25T00:00:00,01 17 38 50 52 24,2
93,D1C86092-E5F9-4229-A737-F9CD6B6D1EFA,93,1362772658,706580,1362772658,706580,"",2010-12-22T00:00:00,11 33 44 46 47 12,2
92,7F32B5D0-5ABC-46F5-819D-E469CB5A5EE8,92,1362772658,706580,1362772658,706580,"",2010-12-18T00:00:00,04 11 19 33 43 14,4
91,92ADBB7A-CA7E-4155-8F25-629BC4925798,91,1362772658,706580,1362772658,706580,"",2010-12-15T00:00:00,10 11 18 32 45 18,5
90,97995811-5050-43E9-BC76-D580315CA1EC,90,1362772658,706580,1362772658,706580,"",2010-12-11T00:00:00,01 08 10 19 20 23,2
89,C9EC5D1F-BC31-4FE4-B403-1B18057F9E83,89,1362772658,706580,1362772658,706580,"",2010-12-08T00:00:00,08 11 25 41 58 16,4
88,E93C2325-0FD6-4C7C-8E2B-2B24CB5340C2,88,1362772658,706580,1362772658,706580,"",2010-12-04T00:00:00,13 24 27 31 42 22,5
87,64361722-B061-4486-940F-6A72800287AC,87,1362772658,706580,1362772658,706580,"",2010-12-01T00:00:00,05 10 11 12 20 02,3
86,AA4A70D1-A86A-4A8A-AD80-48129D1FE8E0,86,1362772658,706580,1362772658,706580,"",2010-11-27T00:00:00,10 30 37 47 54 39,5
85,0437BD3B-7443-413F-94A6-C311CD043BBC,85,1362772658,706580,1362772658,706580,"",2010-11-24T00:00:00,08 20 21 32 37 04,3
84,29C3FB4C-5898-4B1B-A07F-A96246DBE40B,84,1362772658,706580,1362772658,706580,"",2010-11-20T00:00:00,10 12 38 53 57 01,5
83,570CDB2A-E9D5-4375-A611-44D8A5C55C3A,83,1362772658,706580,1362772658,706580,"",2010-11-17T00:00:00,14 16 53 54 59 05,3
82,3F894729-A7A7-4E55-846E-3FD2191B7F88,82,1362772658,706580,1362772658,706580,"",2010-11-13T00:00:00,17 30 48 51 54 29,5
81,0BA8EFBC-E383-4063-82CF-84728365E61E,81,1362772658,706580,1362772658,706580,"",2010-11-10T00:00:00,05 08 11 40 44 10,4
80,6DAC5801-1E01-4D10-86D6-070762A4F50F,80,1362772658,706580,1362772658,706580,"",2010-11-06T00:00:00,07 12 23 34 38 33,4
79,99BFAC1C-14DD-47A0-A697-F44B76A708AD,79,1362772658,706580,1362772658,706580,"",2010-11-03T00:00:00,34 38 39 45 50 33,2
78,29F77288-AAE5-40F6-85F1-49034D76394E,78,1362772658,706580,1362772658,706580,"",2010-10-30T00:00:00,01 07 27 36 49 39,5
77,4EF6C071-1A67-4CB1-8664-B14C8E58CBFC,77,1362772658,706580,1362772658,706580,"",2010-10-27T00:00:00,20 24 25 53 59 15,5
76,62B84F14-8741-47A2-978C-748A9CD3090F,76,1362772658,706580,1362772658,706580,"",2010-10-23T00:00:00,02 07 16 20 46 34,4
75,DCBDF086-B73C-4375-B745-21506C9A5DD2,75,1362772658,706580,1362772658,706580,"",2010-10-20T00:00:00,07 17 20 39 59 17,3
74,3301A17B-CF71-41AB-9787-614EDFE7C4EC,74,1362772658,706580,1362772658,706580,"",2010-10-16T00:00:00,11 12 15 16 28 11,2
73,64CC8513-4ABE-484B-A6E3-8C1401B12C4C,73,1362772658,706580,1362772658,706580,"",2010-10-13T00:00:00,12 22 32 34 46 02,4
72,C22C5B84-322D-4CBC-9600-F42ADF3163FB,72,1362772658,706580,1362772658,706580,"",2010-10-09T00:00:00,02 06 32 42 49 35,3
71,FFD2A4A9-2BD4-4E89-9EE4-F597B6DDBCC4,71,1362772658,706580,1362772658,706580,"",2010-10-06T00:00:00,14 26 37 41 46 24,5
70,3FC171C6-8936-4872-90DF-994281F73D02,70,1362772658,706580,1362772658,706580,"",2010-10-02T00:00:00,12 20 30 36 47 25,4
69,72561D26-F116-4C42-B7CD-717D82149C12,69,1362772658,706580,1362772658,706580,"",2010-09-29T00:00:00,13 44 51 52 55 30,4
68,352BF116-9C83-4DB7-8422-A9F4FEA693BC,68,1362772658,706580,1362772658,706580,"",2010-09-25T00:00:00,08 16 27 35 42 30,2
67,ED62E207-E760-4BB2-9BFB-59E9BF4205C0,67,1362772658,706580,1362772658,706580,"",2010-09-22T00:00:00,10 24 36 52 55 15,5
66,DABAC9CC-604A-433D-A9CB-80F33B8DB8F5,66,1362772658,706580,1362772658,706580,"",2010-09-18T00:00:00,01 18 37 39 44 13,4
65,AE464CA3-8876-478A-A442-0C486F8D62CC,65,1362772658,706580,1362772658,706580,"",2010-09-15T00:00:00,07 20 21 34 43 34,5
64,5151B097-89FF-4932-8CE4-A7238698B71F,64,1362772658,706580,1362772658,706580,"",2010-09-11T00:00:00,07 17 20 36 59 33,4
63,7EE00F05-8B9B-4A55-B7DE-E4D73440D194,63,1362772658,706580,1362772658,706580,"",2010-09-08T00:00:00,10 35 39 51 57 20,5
62,9133B613-6ABF-405F-96CB-3A9EADF71B56,62,1362772658,706580,1362772658,706580,"",2010-09-04T00:00:00,11 14 22 33 42 38,2
61,5E44F878-B62A-410A-BAE6-5007E0CE51A3,61,1362772658,706580,1362772658,706580,"",2010-09-01T00:00:00,17 20 21 40 51 19,3
60,92ACA79B-9CE4-4F2A-8B1D-14EFBBCD8300,60,1362772658,706580,1362772658,706580,"",2010-08-28T00:00:00,04 22 27 32 56 13,4
59,A2B0E38D-31AF-4EF1-88E7-94ADDF9E3E6F,59,1362772658,706580,1362772658,706580,"",2010-08-25T00:00:00,16 17 29 31 36 23,3
58,D3F31D49-C789-4C40-A4BC-B747335FD9FA,58,1362772658,706580,1362772658,706580,"",2010-08-21T00:00:00,07 10 12 22 27 26,2
57,DAE21B1F-F101-48DC-8C00-371F1F7E4DE7,57,1362772658,706580,1362772658,706580,"",2010-08-18T00:00:00,04 32 33 47 55 39,3
56,593DF38C-05F5-4864-B229-0A26D69A6D48,56,1362772658,706580,1362772658,706580,"",2010-08-14T00:00:00,09 33 36 50 58 31,2
55,B2168ECA-DF36-4193-937B-595A15C3D31D,55,1362772658,706580,1362772658,706580,"",2010-08-11T00:00:00,07 10 22 23 52 29,2
54,6BC3628F-8104-4BAD-87DF-41F85980BA83,54,1362772658,706580,1362772658,706580,"",2010-08-07T00:00:00,04 22 26 31 52 30,5
53,06F488E9-9E70-4259-AF65-425399B615B9,53,1362772658,706580,1362772658,706580,"",2010-08-04T00:00:00,19 28 30 37 53 36,4
52,6B045B58-CA3F-49D2-9957-0EAF63AD133D,52,1362772658,706580,1362772658,706580,"",2010-07-31T00:00:00,01 16 17 41 57 15,3
51,A7228EB5-44A6-4221-B277-102266B93E93,51,1362772658,706580,1362772658,706580,"",2010-07-28T00:00:00,01 11 20 25 27 02,5
50,FBD67CC1-FFFE-4992-9072-A3FF87043C6D,50,1362772658,706580,1362772658,706580,"",2010-07-24T00:00:00,20 30 38 46 59 27,2
49,8BE6755A-CB72-4F4B-BB21-D5144C6B2471,49,1362772658,706580,1362772658,706580,"",2010-07-21T00:00:00,16 22 30 51 58 25,3
48,3E764B7B-0536-4553-B147-CA59F6AD39B6,48,1362772658,706580,1362772658,706580,"",2010-07-17T00:00:00,22 27 35 37 45 03,4
47,761AB2D4-CC73-430F-898C-3640437C24AC,47,1362772658,706580,1362772658,706580,"",2010-07-14T00:00:00,20 21 23 38 42 06,3
46,21088D5B-000F-49E6-A1BC-BF6156B06F97,46,1362772658,706580,1362772658,706580,"",2010-07-10T00:00:00,20 21 27 28 56 04,4
45,DB9F4D58-B01F-4C7E-9295-79935EC42014,45,1362772658,706580,1362772658,706580,"",2010-07-07T00:00:00,10 41 44 48 56 04,2
44,C4C539BC-EBCE-463B-A4EB-F8037476447F,44,1362772658,706580,1362772658,706580,"",2010-07-03T00:00:00,03 10 14 52 53 03,3
43,5C9B4D04-7517-4A59-9811-89CEDB5FC5D3,43,1362772658,706580,1362772658,706580,"",2010-06-30T00:00:00,06 38 43 47 48 27,5
42,981360DD-CA16-4D2B-9407-DAEB5EBE3267,42,1362772658,706580,1362772658,706580,"",2010-06-26T00:00:00,13 30 32 38 57 25,4
41,5C253151-8A9D-41B4-ADC7-36736C279671,41,1362772658,706580,1362772658,706580,"",2010-06-23T00:00:00,11 30 45 47 48 10,3
40,C84C1A09-5AEA-411D-B206-3A1670812275,40,1362772658,706580,1362772658,706580,"",2010-06-19T00:00:00,09 30 31 50 54 39,3
39,A39DC171-C91E-4968-A687-D0F37244B54E,39,1362772658,706580,1362772658,706580,"",2010-06-16T00:00:00,08 11 18 29 36 06,5
38,BC07F54A-7951-44FA-B33B-21BCAE7C6F33,38,1362772658,706580,1362772658,706580,"",2010-06-12T00:00:00,09 12 13 35 38 30,10
37,BD942373-C55F-4C6F-9C0C-DBAAA5CC5559,37,1362772658,706580,1362772658,706580,"",2010-06-09T00:00:00,14 22 27 32 49 05,4
36,5640B9E4-7126-493A-B91E-F941668FE470,36,1362772658,706580,1362772658,706580,"",2010-06-05T00:00:00,18 34 40 48 59 25,4
35,61E4F315-8AC6-4AD6-BA2B-A23560FBEE3D,35,1362772658,706580,1362772658,706580,"",2010-06-02T00:00:00,04 09 14 39 43 38,4
34,DCA55B5C-1627-4FF1-B9F5-782A5D41D6C9,34,1362772658,706580,1362772658,706580,"",2010-05-29T00:00:00,01 03 24 28 41 10,4
33,97A2F181-B8F4-46FC-9B87-B7DA6C1CF2B7,33,1362772658,706580,1362772658,706580,"",2010-05-26T00:00:00,01 06 10 13 20 32,4
32,0D13C24A-2A9A-4474-A2D9-6A289D71BB0A,32,1362772658,706580,1362772658,706580,"",2010-05-22T00:00:00,19 20 40 47 57 29,2
31,BBF69F84-8CBB-446C-808C-4FFD42F8C697,31,1362772658,706580,1362772658,706580,"",2010-05-19T00:00:00,02 07 29 55 58 27,3
30,C5C70FE1-BABE-4D8A-829F-854EE7CF0C42,30,1362772658,706580,1362772658,706580,"",2010-05-15T00:00:00,15 21 23 28 36 20,2
29,181CA471-4431-4279-A1BB-B291000D7791,29,1362772658,706580,1362772658,706580,"",2010-05-12T00:00:00,37 51 52 53 58 38,2
28,5A337131-40E0-4867-B5A2-BB52D6AFE369,28,1362772658,706580,1362772658,706580,"",2010-05-08T00:00:00,05 22 34 41 57 31,5
27,20BC26C5-7FE1-4CED-8644-92759EEE96BD,27,1362772658,706580,1362772658,706580,"",2010-05-05T00:00:00,13 34 40 47 57 11,4
26,02267C6C-AB6B-4B8B-B9FD-94FCC100A96E,26,1362772658,706580,1362772658,706580,"",2010-05-01T00:00:00,16 23 25 49 58 20,4
25,CCE0FC4D-EB6A-4F8F-81FB-6D1DCED64CA4,25,1362772658,706580,1362772658,706580,"",2010-04-28T00:00:00,12 22 25 28 44 24,4
24,248C0E3F-C489-4DD8-BB68-DD38F788BB58,24,1362772658,706580,1362772658,706580,"",2010-04-24T00:00:00,01 12 53 56 57 05,2
23,E0E09616-A6C5-4148-A2E5-F1701B6B1F87,23,1362772658,706580,1362772658,706580,"",2010-04-21T00:00:00,11 34 41 49 55 20,2
22,8C923446-232E-4941-8EB5-A66A17FBEF69,22,1362772658,706580,1362772658,706580,"",2010-04-17T00:00:00,05 21 22 41 49 15,5
21,743DF432-2815-4714-863C-66B72F24605D,21,1362772658,706580,1362772658,706580,"",2010-04-14T00:00:00,06 14 32 38 52 20,3
20,7197D3BF-94AB-49EF-B883-AD40A863E3BA,20,1362772658,706580,1362772658,706580,"",2010-04-10T00:00:00,21 22 49 52 58 34,2
19,DC7EE076-3EC5-46F7-BF2E-7263E9488B37,19,1362772658,706580,1362772658,706580,"",2010-04-07T00:00:00,04 36 40 44 52 33,2
18,FAB7E07A-27FF-455A-A7F4-C3ED1AB52304,18,1362772658,706580,1362772658,706580,"",2010-04-03T00:00:00,10 15 31 52 59 04,4
17,812663A1-2244-4865-9E7E-2FE73C4B0E33,17,1362772658,706580,1362772658,706580,"",2010-03-31T00:00:00,05 13 17 45 54 12,5
16,F192902E-D8A7-430B-8040-DA272A7017E0,16,1362772658,706580,1362772658,706580,"",2010-03-27T00:00:00,07 21 32 44 52 10,4
15,6A7E186E-9051-4771-ABA1-0A9849053799,15,1362772658,706580,1362772658,706580,"",2010-03-24T00:00:00,14 20 24 39 49 07,3
14,39F91900-3EB5-4889-8C0C-3E943F7AA8A3,14,1362772658,706580,1362772658,706580,"",2010-03-20T00:00:00,09 36 39 44 45 09,2
13,2D7F73F5-4E71-4842-9A53-1E0B7C191232,13,1362772658,706580,1362772658,706580,"",2010-03-17T00:00:00,24 26 45 48 55 08,2
12,633A2A57-92FF-4E58-AAA9-16A826B9647E,12,1362772658,706580,1362772658,706580,"",2010-03-13T00:00:00,06 16 20 31 36 08,5
11,AF990B4F-BFDF-4BE8-8EFB-E10B3F950DB6,11,1362772658,706580,1362772658,706580,"",2010-03-10T00:00:00,17 21 37 41 50 01,2
10,07B0351D-6EE2-4673-B8CC-56193D1C84DC,10,1362772658,706580,1362772658,706580,"",2010-03-06T00:00:00,10 29 33 41 59 15,2
9,B4344C81-6048-47EC-BBB2-9BF061A11D1B,9,1362772658,706580,1362772658,706580,"",2010-03-03T00:00:00,07 09 14 45 49 23,4
8,7CDC9A40-0062-44DE-A33E-FCF7ED74F2F7,8,1362772658,706580,1362772658,706580,"",2010-02-27T00:00:00,18 47 51 53 58 30,2
7,5D95F0A8-F691-45BD-837B-0ACC5722C724,7,1362772658,706580,1362772658,706580,"",2010-02-24T00:00:00,04 17 35 50 57 12,2
6,6A36058B-0D5F-4A4B-90C7-D37ED9754BCD,6,1362772658,706580,1362772658,706580,"",2010-02-20T00:00:00,13 27 37 41 54 32,2
5,ECD06EF9-3D48-4A32-BEEA-B9D0A8E1499A,5,1362772658,706580,1362772658,706580,"",2010-02-17T00:00:00,07 08 19 26 36 15,3
4,E67834B5-BF1F-4867-A457-8E26E87E9554,4,1362772658,706580,1362772658,706580,"",2010-02-13T00:00:00,10 14 30 40 51 01,4
3,9AEDC183-E503-4F83-A0D9-A0F9C6571E33,3,1362772658,706580,1362772658,706580,"",2010-02-10T00:00:00,05 08 29 37 38 34,5
2,13ED019C-14C2-48A1-9B40-43AEEF313BCC,2,1362772658,706580,1362772658,706580,"",2010-02-06T00:00:00,14 22 52 54 59 04,3
1,473F0579-3060-42E8-95C6-671B43230276,1,1362772658,706580,1362772658,706580,"",2010-02-03T00:00:00,17 22 36 37 52 24,2
